"summerhit","song","lodness","tempo",""
"0","El abuelo Vítor","-11.887","119.37",""
"1","Live is life","-4.274","95.422",""
"0","Cantares","-5.754","121.855",""
"0","Sueños rotos","-6.091","125.995",""
"0","Let's Get Rocked","-6.444","101.287",""
"0","El amor","-14.322","83.825",""
"1","Ai se eu te pego!","-5.326","96.035",""
"0","El alma al aire","-4.185","81.293",""
"0","Y sólo se me ocurre amarte","-6.039","145.965",""
"0","El tonto Simón","-12.248","107.315",""
"0","El solitario","-8.046","116.208",""
"0","Cuando nadie me ve","-7.355","59.226",""
"1","La puerta de Alcalá","-11.429","146.356",""
"0","Grité una noche","-4.622","88.068",""
"0","Hope of Deliverance","-10.549","157.886",""
"0","Se me olvidó otra vez","-4.855","103.188",""
"0","Una noche sin ti","-13.552","110.206",""
"0","Te quiero tanto","-13.888","74.807",""
"0","No estás sola","-8.799","126.93",""
"0","Quiero abrazarte tanto","-9.067","153.361",""
"0","O tú o ninguna","-8.353","72.826",""
"0","Mil calles llevan hacia ti","-3.312","169.462",""
"0","El blues del autobús","-5.798","134.429",""
"0","No hay 2 sin 3 (Gol)","-4.338","126.167",""
"0","No hago otra cosa que pensar en ti","-3.819","73.228",""
"0","Va a estallar el obús","-3.819","73.228",""
"0","This is my Life","-5.498","123.886",""
"0","Todo a pulmón","-10.065","63.751",""
"0","Cuando los sapos bailen flamenco","-6.633","84.446",""
"0","Y sin embargo","-6.633","84.446",""
"0","Canta por mí","-8.924","99.944",""
"0","Bienvenidos","-5.226","94.186",""
"0","Otra vez","-4.193","129.793",""
"0","20 de abril","-12.057","112.961",""
"0","Five More Hours","-3.226","127.961",""
"0","Dime que me quieres","-3.525","181.957",""
"0","La culpa ha sido mía","-3.525","181.957",""
"1","Night Fever","-9.115","95.513",""
"0","Los tejados","-8.883","73.38",""
"0","Europe's living a celebration","-3.108","135.041",""
"0","Te quise tanto","-4.154","135.943",""
"0","Atrévete","-5.951","87.991",""
"0","Amor fugaz","-6.024","73.813",""
"0","Rain Over Me","-2.117","127.917",""
"0","Vivimos siempre juntos","-10.541","119.039",""
"0","Hold On Tight","-3.717","127.898",""
"0","Souvenir","-3.717","127.898",""
"0","Macarena","-4.272","105.03",""
"0","Háblame de ti","-10.33","133.4",""
"0","Day in, Day out","-9.556","131.496",""
"0","Llovió","-7.602","89.042",""
"0","Too Much Heaven","-13.166","82.982",""
"0","Espinita","-13.166","82.982",""
"0","Credo","-10.778","95.008",""
"0","Music and Lights","-4.25","125.974",""
"0","Despierta","-3.186","121.975",""
"0","Maggie despierta","-3.186","121.975",""
"0","My Heart Will Go On","-5.182","96.308",""
"0","Al lado de ti","-8.862","120.874",""
"0","Searchin' my Soul","-4.922","112.013",""
"0","El rock de una noche de verano","-7.395","146.167",""
"0","El rock de una noche de verano","-7.395","146.167",""
"0","No despertaré","-6.502","127.371",""
"0","Carolina","-4.135","123.978",""
"0","Solo por un día","-17.799","90.034",""
"0","19 días y 500 noches","-6.485","86.472",""
"0","Words","-6.48","172.128",""
"0","Estamos desesperados","-11.779","159.011",""
"0","Si tú no vuelves","-9.579","132.219",""
"0","Loco","-7.243","97.532",""
"0","Master Mix","-8.475","114.436",""
"0","Si no te tengo a ti","-7.406","91.994",""
"0","Como un susurro","-12.481","118.099",""
"0","Tú sigue así","-7.188","124.981",""
"0","La primavera","-5.199","114.077",""
"0","La primavera","-5.199","114.077",""
"0","The Night","-9.514","174.029",""
"0","Numb","-4.153","110.018",""
"0","Gimme the Power","-7.055","102.056",""
"0","One Love to Give","-15.822","168.07",""
"0","Prayer in C","-5.356","123.002",""
"0","Johnny and Mary","-5.84","123.086",""
"0","La niña que llora en tus fiestas","-6.793","135.984",""
"0","The Time (Dirty Bit)","-7.751","127.987",""
"0","Get It On","-6.926","126.59",""
"0","Get Back","-9.836","123.095",""
"0","Son de amores","-5.411","81.942",""
"0","La esencia de tu voz","-5.471","120.012",""
"0","Susanna","-21.708","82.147",""
"0","Cantos de sirena","-9.199","109.878",""
"0","You Owe it All to Me","-7.501","92.695",""
"0","Quiero ser como tú","-8.443","96.671",""
"0","Zapatillas","-2.382","198.076",""
"0","Ellos las prefieren gordas","-6.672","135.199",""
"0","Lean On","-3.081","98.007",""
"0","Lean On","-3.081","98.007",""
"0","Neniña","-7.736","107.004",""
"1","Fast Love","-6.655","112.445",""
"0","Eloise","-3.611","134.89",""
"0","Eloise","-3.611","134.89",""
"0","Cuando tú vas","-5.555","136.035",""
"0","Roar","-4.817","179.771",""
"0","Don't Phunk with My Heart","-2.76","130.889",""
"1","Oh, Oh, July","-4.793","136.275",""
"0","No me dejes de querer","-5.605","83.287",""
"0","Inch' Allah","-11.42","116.842",""
"0","Mangas cortas","-9.502","83.935",""
"0","The Pasadenas Medley: Tribute / Riding on a Train","-10.911","111.288",""
"0","Love the Way You Lie","-5.014","86.961",""
"0","Love the Way You Lie","-5.014","86.961",""
"0","I Gotta Feeling","-6.375","127.96",""
"0","Love Missile F1-11","-8.852","193.499",""
"0","Comerranas","-5.98","180.435",""
"0","La fuerza de la vida","-4.105","129.746",""
"0","Running With the Night","-10.253","120.201",""
"0","Casatschock","-13.578","135.691",""
"0","Joyride","-4.967","146.885",""
"0","Geronimo's Cadillac","-10.144","110.382",""
"0","Love don't cost a thing","-5.115","97.577",""
"0","Undercover of the Night","-4.454","122.756",""
"0","La charanga","-2.751","97.956",""
"0","Rock DJ","-4.264","103.035",""
"0","Chasing the Sun","-6.111","128.126",""
"0","Otro ocupa mi lugar","-9.371","76.95",""
"0","Si es tan solo amor","-2.279","124.868",""
"0","Depende","-5.95","113.864",""
"0","Rivers of Babylon","-7.033","115.118",""
"0","Llamarada","-7.033","115.118",""
"1","Salomé","-5.745","92.96",""
"0","Something 'Bout you Baby I Like","-11.792","145.056",""
"0","Amor de hombre","-12.03","168.426",""
"0","Amor de hombre","-12.03","168.426",""
"0","Es por tu amor","-3.547","105.968",""
"0","Malabares","-7.424","105.917",""
"0","Dos días en la vida","-7.958","110.053",""
"0","¿Quién se acuerda de ti?","-7.114","126.996",""
"0","You're The First, The Last, My Everything","-7.137","130.957",""
"1","El 7 de septiembre","-8.299","90.987",""
"0","Moi... Lolita","-7.473","107.97",""
"0","Verdad que sería estupendo","-6.352","75.084",""
"1","Vogue","-6.449","115.998",""
"0","Overprotected","-1.73","95.992",""
"0","Mi música es tu voz","-5.892","80.618",""
"0","Mi música es tu voz","-5.892","80.618",""
"0","Sopa fría","-4.805","139.861",""
"0","Resurrección","-2.302","136.801",""
"0","Déjame verte","-4.86","129.891",""
"1","Hips Don't Lie","-5.892","100.024",""
"0","Da Ya Think I'm Sexy?","-1.112","179.436",""
"0","Tenía tanto que darte","-3.81","124.963",""
"0","Quit Playin' Games","-5.932","95.888",""
"0","Rehab","-2.974","71.515",""
"0","Cuatro mexicanos","-5.6","86.893",""
"0","Xanadu","-5.374","149.666",""
"0","7 Years","-5.829","119.992",""
"0","Wait Here","-11.471","128.007",""
"0","Llueve en mi corazón","-6.353","121.069",""
"0","Sin amor","-5.418","89.98",""
"0","How Deep Is Your Love","-4.373","122.003",""
"0","Monday, Monday","-11.183","110.553",""
"0","Paint It Black","-9.278","158.81",""
"0","Can't Stop This Thing We Started","-3.831","113.071",""
"0","Informer","-6.843","98.16",""
"0","Livin' on the Edge","-4.37","84.572",""
"0","Morenita","-4.045","125.94",""
"0","Me voy","-4.503","99.958",""
"0","En tu cruz me clavaste","-5.931","104.027",""
"0","Esta cobardía","-5.908","113.026",""
"0","Lady Writer","-5.684","102.24",""
"0","Are You Dreaming?","-7.789","77.787",""
"0","Lovers on the Sun","-2.505","124.915",""
"0","Abre tu mente","-4.007","124.014",""
"0","Hoy","-5.026","163.966",""
"0","Camarero","-5.407","131.679",""
"0","Pasarán","-5.294","155.131",""
"0","Soledad","-4.464","196.064",""
"0","Patience","-14.439","119.793",""
"0","Goodnight Girl","-15.849","179.495",""
"0","We Can't Stop","-5.794","80.003",""
"0","Breaking Bad","-5.334","143.989",""
"0","Yo no soy esa","-4.967","120.909",""
"0","La noche no es para mí","-4.46","166.927",""
"0","Zombie","-8.994","166.915",""
"0","Antes de que cuente diez","-5.014","151.012",""
"0","En mis sueños","-2.349","122.072",""
"0","One Love","-3.573","104.988",""
"0","Sex Bomb","-7.588","134.022",""
"0","Somos el futuro","-6.4","129.954",""
"0","Piensa en mí","-5.789","85.805",""
"0","Grace Kelly","-5.752","122.221",""
"0","Charly","-4.017","101.032",""
"0","Charly","-4.017","101.032",""
"0","Corazón de tiza","-14.584","98.777",""
"0","Learning to Fly","-9.935","116.74",""
"1","El canario","-8.54","95.03",""
"0","Lose Yourself","-4.554","171.388",""
"0","Down","-4.407","97.976",""
"0","Animals","-4.407","97.976",""
"0","Eterna melodía","-5.976","121.821",""
"0","Chiquilla","-3.559","166.835",""
"0","Grande","-7.112","91.922",""
"0","Sk8er Boi","-4.417","149.937",""
"0","Un tractor amarillo","-6.231","139.861",""
"0","Baby Jane","-8.56","123.229",""
"0","No puedo evitar (pensar en ti)","-6.38","115.811",""
"0","¿Por qué no ser amigos?","-2.752","169.961",""
"0","¿Por qué no ser amigos?","-2.752","169.961",""
"0","El hombre de negro","-6.917","107.956",""
"0","Something for the Pain","-4.309","102.282",""
"0","Wings","-3.571","92.959",""
"0","Moonlight Shadow","-8.359","128.594",""
"0","Hablando en plata","-5.105","149.523",""
"1","Oops!... I Did It Again","-5.444","95.053",""
"0","If I Were a Boy","-6.126","90.007",""
"0","Cryin'","-3.674","105.84",""
"1","Infinity 2008","-6.02","128.034",""
"0","Una fiesta especial","-7.595","136.806",""
"0","Cállate niña","-10.375","112.011",""
"0","One Dance","-5.886","103.989",""
"0","One Dance","-5.886","103.989",""
"0","One Dance","-5.886","103.989",""
"0","Felices los 4","-4.502","93.973",""
"0","Land Of 1000 Dances","-11.624","86.903",""
"0","Suite nupcial","-13.019","146.004",""
"0","Let's Get Loud","-4.81","130.993",""
"0","Estatua de sal","-5.753","129.996",""
"1","Tacata'","-5.915","126.951",""
"0","Secretos","-4.913","99.535",""
"0","Dame","-5.453","138.035",""
"0","Soldados del amor","-3.902","114.549",""
"0","Marvin Gaye","-5.281","110.015",""
"0","Te amaré","-7.348","94.983",""
"0","Lady, Lady","-7.348","94.983",""
"0","Crush","-6.321","138.785",""
"0","Rosa gris","-9.503","143.99",""
"0","Como ayer","-8.936","124",""
"0","Word Up","-4.439","116.045",""
"0","Save Tonight","-4.334","157.893",""
"0","Princesas","-3.551","131.884",""
"0","La La La (Brasil 2014)","-4.933","127.984",""
"0","Charla del pescado","-8.912","95.008",""
"0","What a Girl Wants","-6.833","142.137",""
"0","Go West","-5.859","120.72",""
"1","Fastlove","-7.522","104.444",""
"0","As long as you love me","-10.223","116.999",""
"0","Lucifer","-5.736","90.35",""
"0","La fiesta nacional","-7.745","150.74",""
"0","Blame","-4.078","128.017",""
"0","Moja mi corazón","-4.377","120.215",""
"0","Cisne cuello negro","-8.575","132.485",""
"0","El pistolero","-2.861","157.994",""
"0","Piel de terciopelo","-9.433","144.329",""
"0","A quién le importa","-7.248","132.029",""
"0","Toro mecánico","-10.792","138.077",""
"0","Frozen","-6.492","94.24",""
"0","You Could Be Mine","-5.674","150.847",""
"0","Ojalá llueva café","-8.951","115.327",""
"0","Malo","-2.627","95.015",""
"0","Malo","-2.627","95.015",""
"0","Another one Bites the Dust","-6.209","124.096",""
"0","Decídete","-4.811","135.606",""
"1","Mambo nº5","-7.164","174.014",""
"0","Someday, I'll Be Saturday Night","-5.442","126.537",""
"0","Take it Back","-6.342","113.196",""
"0","Jam","-4.736","180.073",""
"0","Quisiera decir tu nombre","-7.513","106.446",""
"0","La bicicleta","-3.959","179.991",""
"0","Ninna","-5.05","140.027",""
"0","Torero","-3.462","136.045",""
"0","Life Is a Rollercoaster","-8.921","118.959",""
"0","I Think I'm Paranoid","-4.124","95.031",""
"0","Hombres","-5.062","172.365",""
"0","Devuélveme a mi chica","-5.062","172.365",""
"0","Sin llaves","-7.25","149.898",""
"0","Sin llaves","-7.25","149.898",""
"0","Balada Boa","-7.613","128.017",""
"0","Las mentiras del viento","-13.36","126.969",""
"0","Move Your Body","-3.797","160.802",""
"0","Todo por nada","-2.97","153.019",""
"0","Girl","-3.374","99.943",""
"0","Galway Girl","-3.374","99.943",""
"0","Seven Seconds","-9.621","154.198",""
"0","Bellísimo","-3.143","125.087",""
"0","No sucederá más","-4.945","147.766",""
"0","Hey Mama","-4.091","85.979",""
"0","I'm Going Home","-20.85","68.947",""
"0","Meet Me Halfway","-6.857","130",""
"0","Chiquitita","-10.965","124.658",""
"0","Un paso adelante","-5.84","153.756",""
"0","If You Love Somebody, Set Them Free","-6.485","125.058",""
"0","Gente distinta","-3.621","99.943",""
"0","Amor, amar","-5.96","82.005",""
"0","Unchain my Heart","-12.976","117.969",""
"0","(You Drive Me) Crazy","-4.288","104.001",""
"1","Lloraré las penas","-5.336","110.109",""
"0","Have You Seen Her","-8.409","130.832",""
"0","Congratulations","-4.261","123.087",""
"0","This Girl","-4.77","121.972",""
"0","Wonderful Life","-12.467","106.055",""
"0","I Could Be the One","-3.782","127.946",""
"0","Mi tierra","-8.846","119.974",""
"0","¡Cómo te mueves!","-4.255","107.142",""
"1","Heaven's What I Feel (Corazón prohibido)","-5.261","100.754",""
"0","G.T.O.","-5.205","180.124",""
"0","Pavo real","-11.442","123.815",""
"0","Physical","-11.442","123.815",""
"0","Boom! Shake the Room","-3.667","100.177",""
"0","Ven otra vez","-3.986","84.359",""
"0","Esa eres tú","-3.019","107.415",""
"0","Esa eres tú","-3.019","107.415",""
"0","Life","-4.29","148.015",""
"0","Milonga del marinero y el capitán","-4.132","96.382",""
"0","Nada fue un error","-6.784","138.495",""
"0","María","-4.768","127.979",""
"0","Salvation","-4.768","127.979",""
"0","Busindree Reel","-4.768","127.979",""
"0","Maria Maria","-4.768","127.979",""
"0","Rude","-3.78","144.062",""
"0","Rude","-3.78","144.062",""
"0","Locked Out of Heaven","-4.165","143.994",""
"0","What's the Frequency, Kenneth?","-2.985","95.072",""
"0","Capricornio","-6.056","90.528",""
"0","Tú no tienes corazón","-6.407","176.133",""
"0","The Multimix","-6.828","105.924",""
"0","Talk Dirty","-7.321","100.315",""
"0","Wild Wild West","-6.735","140.038",""
"0","¡Chas! Y aparezco a tu lado","-2.665","128.011",""
"0","Y yo sigo aquí","-7.193","126.021",""
"0","Tarzan Boy","-12.3","107.363",""
"0","Janey, Don't You Lose Heart","-7.697","146.044",""
"0","Janey, Don't You Lose Heart","-7.697","146.044",""
"0","Remember the Time","-2.383","108.002",""
"0","Los chicos con las chicas","-3.399","129.757",""
"0","Se vende","-4.432","97.317",""
"0","Natacha y yo","-8.702","72.768",""
"0","Antihéroe","-3.422","130.982",""
"0","No rompas mi corazón","-7.333","127.004",""
"0","La lluvia en los zapatos","-5.898","121.985",""
"0","Step by Step","-6.651","119.838",""
"0","La Bamba","-6.419","75.099",""
"0","I Wanna Dance","-4.768","119.032",""
"0","Números rojos","-7.993","116.066",""
"0","A Conspirancy","-2.921","99.924",""
"0","I Feel You","-8.617","71.826",""
"0","Running in the Family","-8.379","113.191",""
"0","Walk Like an Egyptian","-7.818","103.022",""
"0","Cherry Lee","-5.09","126.17",""
"0","El sur","-4.583","165.057",""
"0","Madera de colleja","-5.217","155.035",""
"0","Give Me Everything","-3.206","129.023",""
"1","Give Me Everything","-3.206","129.023",""
"1","Ella Elle L'a","-4.407","124.929",""
"1","Ella Elle l'a","-4.407","124.929",""
"0","Ella Elle l'a","-4.407","124.929",""
"0","Te quiero igual","-6.927","120.014",""
"0","El tomavistas","-10.171","98.044",""
"0","Whistle","-5.786","103.992",""
"0","Man Gave Name to all the Animals","-5.972","102.507",""
"0","El sur también existe","-8.121","82.226",""
"0","Born This Way","-5.075","123.92",""
"0","With A Girl Like You","-8.916","113.872",""
"1","Como Camarón","-9.615","140.4",""
"1","Eva María","-4.567","121.831",""
"0","Payphone","-4.774","110.018",""
"0","Song 2","-6.174","98.678",""
"0","Woman To Woman","-5.883","159.145",""
"0","Dangerous","-5.883","159.145",""
"0","El tacto de su piel","-5.883","159.145",""
"0","El salmón","-5.259","124.923",""
"0","Moves Like Jagger","-4.443","128.052",""
"0","Moves Like Jagger","-4.443","128.052",""
"0","Tik Tok","-2.741","120.032",""
"0","Una emoción para siempre","-4.489","119.875",""
"0","Sorry","-6.923","144.021",""
"0","Sorry","-6.923","144.021",""
"0","Sorry","-6.923","144.021",""
"0","Sorry","-6.923","144.021",""
"0","Aire","-9.112","127.626",""
"0","Wish I Could Fly","-6.19","124.862",""
"0","Gwendolyne","-12.019","88.518",""
"0","Baila para mí","-4.182","152.628",""
"0","Bring Me to Life","-3.209","189.892",""
"0","Mía","-4.486","174.05",""
"0","Mía","-4.486","174.05",""
"0","Sick and Tired","-4.495","99.741",""
"0","El run run","-5.392","129.946",""
"0","The Right Thing","-7.318","104.879",""
"0","Yé Ké Yé Ké","-7.668","170.13",""
"0","Rufino","-6.618","167.525",""
"0","Pass the Dutchie","-14.37","149.745",""
"0","Corpiño xeitoso","-4.104","138.82",""
"0","West End Girls","-6.566","113.257",""
"0","Cuerpos calientes","-3.325","128.065",""
"0","Easy Lady","-17.029","89.088",""
"0","A sudar","-5.795","146.073",""
"1","Corazón partío","-4.581","145.031",""
"0","Step by Step","-8.648","115.976",""
"0","Don't Speak","-8.648","115.976",""
"0","Manda Christmas","-10.448","79.938",""
"0","Woody Boogie","-13.935","110.168",""
"1","Nada valgo sin tu amor","-4.581","76.979",""
"0","Nada valgo sin tu amor","-4.581","76.979",""
"0","Nada valgo sin tu amor","-4.581","76.979",""
"0","Suéltate el pelo","-6.141","170.17",""
"0","Todo","-4.238","91.992",""
"0","Morir al lado de mi amor","-4.997","135.866",""
"0","Love Yourself","-9.828","100.418",""
"0","Te dejé marchar","-8.655","65.703",""
"0","About a Girl","-6.467","132.092",""
"0","The Sound of C","-7.958","111.398",""
"0","Lo echamos a suertes","-5.992","90.019",""
"0","Ave María","-4.452","132.042",""
"0","Venus","-4.812","126.113",""
"0","La lista de la compra","-5.832","109.282",""
"0","I'm Your Baby Tonight","-8.787","165.147",""
"0","Genetic engineering","-8.086","128.571",""
"0","Sometimes","-10.106","110.384",""
"0","Que nadie","-4.653","89.315",""
"0","Dancing in Paris (Qué pasa)","-9.559","125.596",""
"0","The Man Who Sold the World","-8.93","114.773",""
"0","La aurora","-7.185","136.279",""
"0","Por el amor de una mujer","-12.96","98.138",""
"0","Cruel to Be Kind","-3.5","135.128",""
"0","Dirty Dawg","-9.148","102.567",""
"0","Breathless","-7.754","126.988",""
"0","The Best of Me","-6.689","117.038",""
"0","You're the Best Thing About Me","-6.689","117.038",""
"0","Bésame tonta","-7.879","153.412",""
"0","Yo tengo una mujer tremenda","-4.586","133.038",""
"0","More than Friends","-4.583","122.985",""
"0","Original Prankster","-4.183","146.782",""
"0","Stereo Hearts","-3.293","89.99",""
"0","No me hables","-5.366","126.893",""
"0","Cosmic Girl","-5.14","89.571",""
"0","Jardín de rosas","-4.31","83.53",""
"0","Si tú fueras mi mujer","-8.843","117.653",""
"0","Amor, amor","-3.941","112.941",""
"0","No vaya a ser","-7.399","99.995",""
"0","Suburbia","-4.581","92.036",""
"0","Te dejo Madrid","-5.062","131.032",""
"0","Qué dolor","-6.545","157.468",""
"0","Bailando por ahí","-5.167","129.974",""
"0","Bailando por ahí","-5.167","129.974",""
"0","A View to a Kill","-5.405","125.472",""
"1","La abuela","-6.842","90.018",""
"1","La abuela","-6.842","90.018",""
"0","Aquí no podemos hacerlo","-5.365","166.698",""
"0","No va más","-4.727","155.956",""
"0","Circle of Life","-11.695","83.915",""
"0","No es lo mismo","-5.84","79.996",""
"0","No es lo mismo","-5.84","79.996",""
"0","No es lo mismo","-5.84","79.996",""
"0","Sildavia","-4.975","145.075",""
"0","Sildavia","-4.975","145.075",""
"0","It's Raining Again","-6.808","121.261",""
"0","Ooops Up","-14.19","102.886",""
"0","Erotica","-11.168","101.956",""
"0","Where Them Girls At","-3.078","129.884",""
"0","(Just Like) Starting Over","-6.488","107.936",""
"0","Shiny Happy People","-3.948","124.592",""
"0","Amor, háblame dulcemente","-14.023","79.54",""
"0","No dudaría","-10.466","139.818",""
"0","Shut Up","-3.804","128.038",""
"0","Serenade","-4.981","102.99",""
"0","Tú, sólo tú","-4.863","178.654",""
"0","Si la vieras con mis ojos","-4.863","178.654",""
"0","Beautiful Girls","-6.075","130.009",""
"0","Beggin'","-6.173","108.026",""
"0","Barbie Girl","-4.363","105.04",""
"0","It Must Have Been Love","-6.655","80.609",""
"0","Eres un canalla","-5.176","189.804",""
"0","Hello Buddy","-5.423","120.966",""
"0","Sunset Boulevard","-6.057","126.341",""
"0","Bonito","-6.057","126.341",""
"0","Volverá","-6.668","118.01",""
"0","Volverá","-6.668","118.01",""
"0","Carbón y ramas secas","-3.501","124.961",""
"0","Tiempo feliz","-8.594","93.544",""
"0","Estrella polar","-3.957","126.968",""
"0","Diálogo","-6.71","116.363",""
"0","Demasiado corazón (Too Much Heart)","-13.645","102.095",""
"0","It's a Sin","-5.916","127.153",""
"0","En la selva","-5.251","109.957",""
"0","Ciega, sordomuda","-5.843","149.963",""
"0","Mr. Jones","-6.582","141.606",""
"0","Que la detengan","-6.502","126.012",""
"0","Por verte feliz","-7.118","97.005",""
"0","Sgt. Pepper's Lonely Hearts Club Band","-9.558","205.171",""
"0","Camina y ven","-3.859","130.046",""
"0","Oh Lord, Why Lord","-8.741","82.678",""
"0","El mismo sol (Under the Same Sun)","-4.54","120.04",""
"0","Dos corazones y un destino","-7.17","122.57",""
"0","The Nights","-5.29","125.984",""
"0","Un violinista en tu tejado","-6.283","156.388",""
"0","Que te quería","-5.046","142.807",""
"0","When the Going Gets Tough, the Tough get going","-4.447","122.03",""
"0","No, no, no","-3.928","93.976",""
"0","No","-3.928","93.976",""
"0","No","-3.928","93.976",""
"0","Fuego en el fuego","-5.539","154.694",""
"0","Desnúdate","-5.985","130.043",""
"0","Todo irá bien","-3.923","97.991",""
"0","Baby Jump","-12.691","129.035",""
"0","Tanto","-5.132","140.039",""
"0","Tanto","-5.132","140.039",""
"0","Scotland the Brave","-10.555","179.986",""
"0","All Right","-5.225","132.752",""
"0","All Right","-5.225","132.752",""
"0","Camino Soria","-14.255","111.664",""
"0","Flor de lis","-7.521","98.791",""
"0","A un minuto de ti","-9.01","150.377",""
"0","Light It Up","-3.782","107.991",""
"0","Fallin'","-7.519","95.982",""
"0","Great Balls of Fire","-7.559","159.661",""
"0","I Can Help","-9.07","125.313",""
"0","I Wanna Go","-7.402","103.039",""
"0","Soul Finger","-15","115.845",""
"0","Lady Blue","-5.613","104.029",""
"0","Déjame","-4.448","92.994",""
"0","Send me an Angel","-11.601","104.668",""
"0","Adiós tristezas","-12.967","91.317",""
"0","Tu enemigo","-4.104","89.918",""
"0","Baila (Sexy Thing)","-3.835","120.024",""
"0","No te aguanto más","-6.607","119.129",""
"0","Amanda","-8.259","145.765",""
"0","El ritmo del mar","-3.921","123.97",""
"0","Flor de verano","-7.11","127.95",""
"1","Duele el corazón","-3.354","90.999",""
"0","No Problem","-4.377","164.006",""
"0","Living in Another World","-8.453","110.544",""
"0","Dilemma","-8.177","168.091",""
"0","Monsoon","-5.306","111.987",""
"0","Boys, boys, boys","-5.198","108.054",""
"0","I'll Be Missing You","-5.198","108.054",""
"0","Im nin'alu 1988","-12.631","89.155",""
"0","Beetlebum","-6.619","76.022",""
"0","Nada que perder","-6.556","144.475",""
"0","Stolen Dance","-10.158","85.988",""
"0","Una calle de París","-6.837","140.012",""
"0","Murder Incorporated","-5.637","113.566",""
"0","Weather with You","-13.9","75.922",""
"0","Por la boca vive el pez","-2.812","151.229",""
"0","To Make A Big Man Cry","-7.356","102.767",""
"1","Cero","-4.193","82.032",""
"0","Party Rock Anthem","-4.136","130.021",""
"0","Teardrops","-4.58","110.968",""
"0","No me importa nada","-4.848","169.557",""
"0","1 más 1 son 7","-1.433","136.12",""
"0","Sittin' & Thinkin'","-7.727","107.652",""
"0","Me gustas tú","-6.81","175.978",""
"0","Acércate y bésame","-6.61","137.915",""
"0","Go Let It Out","-5.635","84.203",""
"1","Tómame o déjame","-5.687","78.764",""
"0","Keep the Faith","-5.603","164.591",""
"0","Bed of Roses","-5.603","164.591",""
"1","Scatman","-10.9","135.982",""
"0","Scatman's World","-10.9","135.982",""
"0","Olvídate de mí","-5.181","133.805",""
"0","Señor","-5.284","132.673",""
"0","Die Young","-4.805","128.001",""
"0","Aranjuez mon amour","-9.295","88.262",""
"0","La colegiala","-6.58","204.474",""
"0","Happy","-5.293","191.874",""
"1","Happy","-5.293","191.874",""
"0","Happy","-5.293","191.874",""
"0","All Together Now","-5.744","111.546",""
"0","Weather With You","-12.878","93.981",""
"0","Say You'll Be There","-12.878","93.981",""
"0","Me Against the Music","-6.635","120.046",""
"0","Gente impresentable","-3.902","149.607",""
"0","Where Have You Been","-7.374","128.012",""
"0","Lush Life","-3.923","98.022",""
"0","Quisiera ser","-5.516","95.012",""
"0","Si tú los vieras","-6.601","77.342",""
"0","Memorize Your Number","-9.091","145.695",""
"1","Un rayo de sol","-8.999","126.538",""
"0","Love is all Around","-6.566","168.241",""
"0","Never Can Say Goodbye","-7.984","132.18",""
"0","City Lights","-8.785","129.947",""
"0","Baby I Love Your Way","-7.269","147.518",""
"0","Cómo te atreves","-4.565","130.98",""
"0","¿No podíamos ser agua?","-6.731","135.909",""
"0","Tú","-5.808","131.467",""
"0","Hundred miles","-3.776","98.23",""
"0","Hey ya!","-2.206","79.504",""
"0","Feel This Moment","-3.589","135.958",""
"0","Feel This Moment","-3.589","135.958",""
"0","Y, ¿si fuera ella?","-6.51","116.902",""
"0","Llamando a la tierra","-6.51","116.902",""
"0","","-6.679","110",""
"0","Peter Pan","-3.358","92.452",""
"0","Peter Pan","-3.358","92.452",""
"0","Here Comes the Hotstepper","-8.598","100.36",""
"0","Te he echado de menos","-6.751","140.94",""
"0","Till the World Ends","-5.747","131.951",""
"0","Conversaciones conmigo mismo","-9.073","117.253",""
"0","Electrical Storm","-6.785","96.011",""
"0","Vivir sin aire","-6.162","79.476",""
"0","Your Woman","-6.99","172.065",""
"0","Be Gentle","-3.158","164.013",""
"0","Swing the Mood","-13.376","92.512",""
"0","Beautiful day","-6.492","136.258",""
"0","Por volverte a ver","-2.783","123.569",""
"0","Quédate","-3.967","98.003",""
"0","Quédate","-3.967","98.003",""
"0","Corazón de neón","-3.923","136.384",""
"0","Adiós papá","-10.999","136.149",""
"0","Los rockeros van al infierno","-2.488","129.312",""
"0","S&M","-5.007","127.969",""
"0","Left to my Own Devices","-6.05","126.811",""
"0","Soñaré","-8.52","124.061",""
"0","Blue Jean","-4.679","172.016",""
"0","No me vuelvo a enamorar","-4.687","130.045",""
"0","Fue tan poco tu cariño","-2.795","161.925",""
"0","River Deep Mountain High","-3.791","155.115",""
"0","Moving","-7.373","149.919",""
"0","Échame a mí la culpa","-6.23","126.083",""
"1","El talismán","-5.731","170.652",""
"0","Con solo una sonrisa","-3.942","127.988",""
"0","Club Can't Handle Me","-2.574","127.98",""
"0","Agua","-9.642","124.006",""
"0","Esperanzas","-2.989","115.048",""
"0","Abrázame y quiéreme","-2.989","115.048",""
"0","Cry Cry","-6.265","77.11",""
"0","The Centre of the Heart","-5.95","103.062",""
"0","69 Punto G","-7.719","169.867",""
"0","You Got It","-10.728","114.688",""
"0","Can't Stop the Feeling!","-5.715","113.03",""
"0","Can't Stop the Feeling!","-5.715","113.03",""
"0","Can't Stop the Feeling!","-5.715","113.03",""
"0","Gorrión","-7.294","118.912",""
"1","Como un burro amarrado en la puerta del baile","-4.719","82.655",""
"0","Everybody (Backstreet's Back)","-5.75","75.306",""
"0","Hi-Lili, Hi-Lo","-13.293","172.711",""
"0","Es por ti","-6.061","129.963",""
"0","Es por ti","-6.061","129.963",""
"0","Salamandra","-6.886","127.998",""
"0","Going Under","-5.504","127.959",""
"0","Radio Ga Ga","-7.719","112.344",""
"0","Dancing in the Street","-5.64","148.723",""
"0","El hombre lobo","-2.688","112.508",""
"0","Karma Chameleon","-7.182","92.049",""
"0","Karma Chameleon","-7.182","92.049",""
"0","A New Day Has Come","-9.869","119.483",""
"0","Swalla","-3.862","98.064",""
"0","Always on my Mind","-10.61","124.874",""
"0","Baila Casanova","-5.665","118.854",""
"0","Mi enfermedad","-8.09","148.016",""
"0","You Don't Know Me","-6.054","124.007",""
"0","Mania","-5.262","115.141",""
"0","Tú y yo","-6.472","115.064",""
"0","Tú y yo","-6.472","115.064",""
"1","Black is Black","-5.874","164.791",""
"0","Terciopelo y fuego","-2.056","115.008",""
"0","Thinking Out Loud","-6.061","78.998",""
"0","Gonna Make You Sweat (Everybody Dance Now)","-7.405","112.187",""
"0","Contra el viento","-1.579","156.053",""
"0","A Wither Shade Of Pale","-6.036","148.06",""
"0","Just Dance","-4.541","118.992",""
"0","Like a Prayer","-5.285","111.037",""
"0","Like a Prayer","-5.285","111.037",""
"0","Like a Prayer","-5.285","111.037",""
"0","Juegos de amor","-5.465","173.889",""
"0","Juegos de amor","-5.465","173.889",""
"0","Rockabye","-4.068","101.965",""
"0","The Girl is Mine","-6.673","81.477",""
"0","New Rules","-6.258","116.054",""
"0","Esperanzas","-5.743","105.04",""
"0","We Don't Talk Anymore","-8.053","100.017",""
"1","Cheerleader","-4.323","100",""
"0","Santa Lucía","-6.16","99.104",""
"0","El cóndor pasa","-17.699","147.795",""
"0","Balla... balla!","-8.918","143.996",""
"0","Balla... balla!","-8.918","143.996",""
"0","Strangers in the Night","-8.239","93.309",""
"0","Devil Gate Drive","-6.089","135.541",""
"0","Cuidado con Paloma","-3.423","89.986",""
"0","La vida todavía","-8.824","95.05",""
"0","Rockollection","-9.712","86.935",""
"1","Aquí no hay playa","-8.141","168.139",""
"1","Aquí no hay playa","-8.141","168.139",""
"0","Aquí no hay playa","-8.141","168.139",""
"0","Se fue","-10.009","165.866",""
"0","Cuídate","-4.627","141.007",""
"0","Something Just Like This","-6.695","102.996",""
"0","Getsemaní","-10.249","82.976",""
"0","Elixir de juventud","-2.999","125.149",""
"0","Forever and Ever","-13.509","117.438",""
"0","Lady Marmalade","-2.838","109.962",""
"0","Entre dos tierras","-9.444","166.095",""
"1","La gozadera","-1.698","95.036",""
"0","Scream & Shout","-7.443","130.009",""
"0","Lay Your Hands on Me","-3.814","100.446",""
"0","Child","-6.298","76.552",""
"0","Te quiero, te quiero","-3.983","94.003",""
"0","Querer y perder","-3.983","94.003",""
"0","48 Crash","-8.602","137.979",""
"0","When Love Takes Over","-4.614","129.965",""
"0","Canned Heat","-6.711","126.964",""
"0","Las flechas del amor","-6.954","107.511",""
"0","Volverte a ver","-6.196","92.039",""
"0","Coming Out of the Dark","-11.932","131.865",""
"0","Let Me Out","-4.001","130.001",""
"0","Let Me Out","-4.001","130.001",""
"0","Disturbia","-4.515","124.921",""
"0","Imitation of Life","-4.187","124.229",""
"0","Sámbame","-5.498","100.014",""
"0","Ellas","-5.394","92.143",""
"0","Antes que ver el sol","-7.496","134.04",""
"0","Heaven for Everyone","-9.775","110.208",""
"0","Me cuesta tanto olvidarte","-10.552","99.644",""
"0","Nada va a cambiar el mundo","-11.863","94.966",""
"0","Si...","-9.084","131.959",""
"0","Dime","-9.084","131.959",""
"0","The power","-4.092","172.917",""
"0","Cuando me vaya","-2.804","143.858",""
"0","Volveré","-6.547","134.96",""
"0","Flor venenosa","-3.239","110.193",""
"0","La cosa más bella","-4.057","92.213",""
"0","Human","-4.097","75.09",""
"0","Human","-4.097","75.09",""
"0","Human","-4.097","75.09",""
"0","Quiero aprender de ti","-6.731","153.98",""
"0","Alive & Kicking","-11.337","103.105",""
"0","Sugar, Sugar","-5.098","123.063",""
"0","Let's Dance","-9.414","115.043",""
"1","Let's Dance","-9.414","115.043",""
"0","Shandi","-6.472","109.967",""
"1","El baile de los pajaritos","-7.853","173.315",""
"0","Que no lastimen tu corazón","-7.853","173.315",""
"0","Anna","-8.388","114.095",""
"0","Rita","-4.595","112.97",""
"0","Inolvidable","-6.145","110.008",""
"0","Wiggle","-6.886","81.946",""
"0","Suelta las riendas de mi corazón","-4.958","150.024",""
"0","TRUE","-5.697","124.08",""
"0","TRUE","-5.697","124.08",""
"0","Wake Me Up!","-5.697","124.08",""
"0","Memorias","-3.028","174.993",""
"0","Ya está bien","-6.132","155.152",""
"0","Train","-5.18","99.998",""
"0","La bomba","-5.18","99.998",""
"0","19-2000","-7.311","89.916",""
"0","A Little Less Conversation","-9.386","114.997",""
"0","Sing, Sing, Barbara","-5.925","103.405",""
"0","Problem","-5.352","103.009",""
"0","Complicated","-3.306","90.004",""
"0","Spinning the Wheel","-5.804","205.883",""
"0","Exhale (Shoop Shoop)","-7.903","137.952",""
"0","Canciones lejanas","-7.604","123.996",""
"0","Am I Wrong","-5.465","119.939",""
"0","Me, Myself and I","-6.524","111.996",""
"0","Entre tú y mil mares","-4.159","110.99",""
"0","Paloma blanca","-9.052","184.837",""
"0","Boys Will Be Boys","-4.784","132.982",""
"0","Don't Stand So Close to Me","-10.754","107.007",""
"0","En algún lugar","-6.685","74.214",""
"0","Give a Little Bit","-3.593","173.997",""
"0","Sólo tú","-3.593","173.997",""
"0","20 de enero","-4.047","145.029",""
"0","I Really Like You","-4.685","122.042",""
"0","Chantaje","-3.372","101.997",""
"0","Baby Don't Forget my Number","-12.877","100.302",""
"0","Let Me Show You (the Way)","-7.703","96.963",""
"0","Cold Water","-5.092","92.943",""
"0","Martika's Kitchen","-13.692","91.364",""
"1","América, América","-17.18","123.179",""
"0","All You Need Is Love","-7.768","103.436",""
"0","Happy Birthday","-7.842","75.996",""
"0","Rayando el sol","-3.275","112.677",""
"0","Caminando por la vida","-3.778","108.054",""
"0","High","-4.505","107.891",""
"0","Júrame","-6.573","106.802",""
"0","Lady","-7.094","101.719",""
"0","Dentro de ti","-5.206","101.018",""
"0","Killing Me Softly","-4.778","89.091",""
"0","Europa (Earth's cry Heaven's smile)","-5.364","74.692",""
"0","Cada loco con su tema","-3.923","147.74",""
"0","Palabras de fuego","-9.996","142.13",""
"0","Ni tú ni nadie","-10.564","137.813",""
"0","24K Magic","-4.282","106.97",""
"0","Yellow River","-11.436","129.851",""
"1","I Want it That Way","-8.191","114.992",""
"0","Stole the Show","-6.069","99.879",""
"0","Borró cassette","-5.885","175.95",""
"0","Bette Davis Eyes","-7.573","154.669",""
"0","We Kill the World (Don't Kill the World)","-7.573","154.669",""
"0","De amor ya no se muere","-5.73","147.938",""
"0","Desde cuándo","-4.209","144.075",""
"0","Bad Day","-4.013","140.046",""
"0","Devuélveme mi libertad","-5.087","139.97",""
"0","Together Forever","-11.876","115.115",""
"0","No me llames iluso","-6.372","103.99",""
"0","No importa que llueva","-4.747","103.053",""
"0","Rapture","-5.04","158.029",""
"0","Lemon Tree","-3.963","135.68",""
"0","Titanium","-3.657","126.06",""
"0","Tonight (I'm Lovin' You)","-4.579","125.948",""
"0","Tonight (I'm Lovin' You)","-4.579","125.948",""
"0","Adiós","-3.078","106.083",""
"0","Until It Sleeps","-6.648","100.991",""
"0","Thank You","-6.648","100.991",""
"0","Entre el mar y una estrella","-8.146","88.001",""
"0","¿Quién te cantará?","-6.213","168.514",""
"0","Rayos de sol","-4.233","128.013",""
"0","The Only Thing that Looks Good on Me Is You","-4.434","113.394",""
"0","Adventure of a Lifetime","-3.887","111.995",""
"0","Ho Hey","-9.105","79.991",""
"0","Shake it Off","-5.414","160.02",""
"0","Cadillac solitario","-4.147","129.743",""
"0","With or Without You","-11.874","110.162",""
"1","Livin' la vida loca","-5.83","99.039",""
"0","No me crees","-4.539","183.524",""
"0","Problema","-4.941","177.974",""
"0","Si tú eres mi hombre y yo tu mujer","-17.405","141.69",""
"0","Si tú eres mi hombre y yo tu mujer","-17.405","141.69",""
"0","Por quererte","-3.764","139.959",""
"1","Dime que me quieres","-7.925","128.947",""
"0","Qué será","-7.925","128.947",""
"0","Can't Stop the Music","-6.853","112.236",""
"0","Echar a volar","-4.446","109.955",""
"0","Try","-5.777","91.673",""
"0","Chained to the Rhythm","-5.363","189.798",""
"0","Don't Cry","-9.059","140.047",""
"0","Sleeping in my Car","-3.806","135.232",""
"0","Crash! Boom! Bang!","-3.806","135.232",""
"0","Las Leandras","-9.213","133.636",""
"0","Elastic Heart","-4.998","130.075",""
"0","I Love It","-2.663","125.927",""
"0","Nena","-4.837","118.969",""
"0","Yo quiero bailar","-6.11","117.966",""
"0","Bleeding Love","-5.886","104.036",""
"0","La casa de los sueños","-6.65","77.819",""
"0","Y quisiera","-5.096","146.008",""
"0","Dark Horse","-6.131","131.899",""
"0","Dark Horse","-6.131","131.899",""
"0","Lead The Way","-5.988","128.004",""
"0","Por las noches","-10.067","112.059",""
"0","Siete vidas","-11.494","135.826",""
"1","Sobreviviré","-7.039","132.082",""
"1","Sobreviviré","-7.039","132.082",""
"0","Bajo la luz de la luna","-12.392","105.992",""
"0","Englishman in New York","-12.802","102.014",""
"0","One of Us","-7.917","87.541",""
"0","Rasputin","-6.884","110.048",""
"0","Llegará","-8.26","168.037",""
"0","Devuélveme el aire","-4.549","150.06",""
"0","Batdance","-9.894","135.406",""
"0","Batdance","-9.894","135.406",""
"0","Batdance","-9.894","135.406",""
"0","The Mouth Organ Boy","-5.445","135.044",""
"0","Sick Of Love","-5.382","127.998",""
"0","No More I Love You's","-7.305","179.907",""
"0","Sueño su boca","-6.119","107.264",""
"0","No nos podrán parar","-6.024","101.989",""
"1","Dolce Vita","-5.957","96.021",""
"0","Right between the Eyes","-11.083","93.265",""
"0","Mr. Saxobeat","-4.165","127.004",""
"0","A contratiempo","-3.934","87.816",""
"0","Puppeteer","-4.611","183.959",""
"0","Eres tú","-4.783","130.098",""
"0","Eres tú","-4.783","130.098",""
"0","No One","-4.001","99.986",""
"0","Manda una señal","-5.039","186.141",""
"0","Ojalá pudiera borrarte","-6.393","170.122",""
"0","Timber","-4.106","129.972",""
"0","Timber","-4.106","129.972",""
"0","Felicidad","-5.392","91.69",""
"0","Genie in a bottle","-6.945","175.815",""
"0","The Boy Does Nothing","-3.664","174.053",""
"0","Los roqueros van al infierno","-4.681","157.838",""
"0","Tanto la quería","-5.718","144.001",""
"0","All of You","-8.608","126.267",""
"0","Quiero un camino","-4.965","125.998",""
"0","Winchester Cathedral","-10.993","125.405",""
"0","Stayin' Alive","-10.937","109.368",""
"0","Alien divino","-7.218","99.229",""
"0","Oye","-11.589","94.815",""
"0","Un toque de locura","-4.661","92.942",""
"0","Back for Good","-9.761","78.961",""
"0","Don't Let Me Down","-5.094","159.803",""
"0","Calle la Pantomima","-5.9","158.217",""
"0","Quiero un camión","-4.446","133.139",""
"0","Y te amaré","-8.802","129.97",""
"0","Como yo te amo","-8.802","129.97",""
"0","Pardon me, sir","-7.74","108.282",""
"0","Pardon me, Sir","-7.74","108.282",""
"0","In the Army Now","-7.571","104.669",""
"0","Amores de barra","-4.047","104.042",""
"0","Tentación","-7.241","103.895",""
"0","Mi buen amor","-4.563","98.868",""
"0","Mi buen amor","-4.563","98.868",""
"0","What Can I Do?","450","132.06",""
"0","Iberia sumergida","-5.03","121.732",""
"0","Iberia sumergida","-5.03","121.732",""
"0","Drive","-5.027","115.048",""
"0","Royals","-9.524","84.804",""
"0","Horny","-5.33","74.98",""
"0","She Will Be Loved","-5.494","203.867",""
"0","Starboy","-7.028","186.054",""
"0","Wonderwall","-5.613","174.452",""
"0","Rutinas","-5.447","171.626",""
"0","Lies","-5.626","143.955",""
"0","Mirror Man","-5.012","100.331",""
"0","Fueron los celos","-8.397","81.99",""
"0","Little L","-5.373","121.906",""
"0","Mi mundo, tú","-6.431","82.903",""
"0","Terciopelo","-6.095","52.981",""
"0","La pared","-8.108","134.184",""
"0","Es mi soledad","-6.955","129.998",""
"0","I Kissed a Girl","-3.173","129.996",""
"0","Dígale","-7.928","129.981",""
"0","... Baby One More Time","-5.964","126.018",""
"0","All of Me","-7.064","119.93",""
"0","Havana","-4.333","104.988",""
"0","Chasing Cars","-4.53","104.011",""
"0","Heartbreaker","-9.366","97.161",""
"0","Heartbreaker","-9.366","97.161",""
"0","International Love","-3.18","94.059",""
"0","Bailamos","-18.54","80.392",""
"0","Ella","-4.953","181.76",""
"0","Ella","-4.953","181.76",""
"0","Ella","-4.953","181.76",""
"0","Ella","-4.953","181.76",""
"0","Soy un corazón tendido al sol","-4.752","178.098",""
"0","Start me Up","-6.122","142.657",""
"0","(Out Here) On my Own","-6.122","142.657",""
"0","Sexy Bitch","-5.018","130.011",""
"0","Puedes contar conmigo","-4.843","144.95",""
"0","Dicen...","-10.902","143.721",""
"0","Las palabras de amor","-9.351","135.935",""
"0","Jugando a vivir","-7.978","135.571",""
"0","Amor no me ignores","-7.978","135.571",""
"0","Que corra el aire","-4.97","127.041",""
"0","América Latina","-5.201","125.976",""
"1","La flaca","-5.201","125.976",""
"0","Rozando la eternidad","-8.359","121.473",""
"0","Mi gente","-4.915","103.809",""
"0","Gente","-4.915","103.809",""
"0","La bomba","-18.157","103.787",""
"0","Dale, Don dale","-6.471","95.028",""
"0","Spaceman","-4.073","152.034",""
"0","Can't Remember to Forget You","-3.399","137.976",""
"0","Nada sin ti","-3.92","122.099",""
"0","Sin ti no soy nada","-3.92","122.099",""
"0","Colgando en tus manos","-4.803","120.025",""
"1","Colgando en tus manos","-4.803","120.025",""
"0","No hay marcha en Nueva York","-8.706","107.954",""
"1","No hay marcha en Nueva York","-8.706","107.954",""
"0","Salomé","-9.935","91.841",""
"0","Secret Garden","-11.359","87.423",""
"0","Everybody's got to Learn Sometime","-4.89","87.08",""
"0","Higher Ground","-5.168","82.012",""
"0","Jamás","-13.76","64.068",""
"0","Quién piensa en ti","-4.721","155.326",""
"0","Quién piensa en ti","-4.721","155.326",""
"0","Vete, vete","-3.414","139.653",""
"0","Only When I Sleep","-8.571","135.989",""
"0","A Kind of Magic","-5.874","130.128",""
"0","Arturo","-8.595","123.096",""
"0","If You Leave Me Now","-6.784","104.212",""
"0","Quién compra una canción","-5.84","91.37",""
"0","Y, ¿cómo es él?","-5.646","77.472",""
"0","Sabato pomeriggio","-12.551","76.412",""
"0","Love Me Like You Do","-6.617","189.583",""
"0","Love Me Like You Do","-6.617","189.583",""
"0","Do Ya","-8.521","170.138",""
"0","Angel","-4.307","167.767",""
"0","Angel","-4.307","167.767",""
"0","Venezia","-5.749","167.678",""
"0","Woman In Love","-9.278","150.154",""
"0","Bittersweet Symphony","-7.208","139.786",""
"0","The Ballad Of John & Yoko","-6.551","135.309",""
"1","Melina","-2.517","133.488",""
"1","Melina","-2.517","133.488",""
"0","Libertad sin ira","-16.406","121.354",""
"0","Pastillas de freno","-6.15","111.808",""
"0","Emotional Rescue","-8.892","96.349",""
"0","Safari","-4.361","180.044",""
"0","Safari","-4.361","180.044",""
"0","Abrázame","-7.343","135.739",""
"0","Amor mío ¿Cómo estás?","-15.645","135.136",""
"0","Al calor del amor en un bar","-4.077","129.25",""
"0","Look What You Made Me Do","-6.471","128.07",""
"1","Bulería","-4.359","124.786",""
"1","Bulería","-4.359","124.786",""
"0","OK","-6.032","121.951",""
"0","Soley, soley","-12.901","120.049",""
"0","This Ain't a Love Song","-6.836","87.974",""
"0","El club de los humildes","-5.902","86.059",""
"0","We Are Never Ever Getting Back Together","-5.902","86.059",""
"0","La ladrona","-13.993","188.316",""
"0","Pretending","-15.328","137.169",""
"0","Sin miedo a nada","-4.826","132.836",""
"0","Got 2 Luv U","-3.084","184.032",""
"0","Ironic","-7.825","142.027",""
"0","We Found Love","-4.951","127.98",""
"0","Perdóname","-11.439","177.671",""
"0","Scream","-7.413","151.68",""
"0","She Bangs","-4.782","144.737",""
"0","Cometas por el cielo","-7.42","141.922",""
"0","Vuelve","-5.612","130.023",""
"0","Vuelve","-5.612","130.023",""
"0","Suicide Blonde","-5.36","119.962",""
"1","La tortura","-5.367","100.011",""
"0","Perfect","-7.365","94.992",""
"0","Perfect","-7.365","94.992",""
"0","Fame","-4.343","84.803",""
"0","Hall of Fame","-4.343","84.803",""
"0","Si tú me miras","-7.683","68.227",""
"0","Let Me Love You","-5.309","199.864",""
"0","María","-8.834","143.175",""
"0","Dulce locura","-3.47","132.026",""
"0","Y en tu ventana","-5.671","130.32",""
"0","Reach","-6.819","116.896",""
"0","What Do You Want From Me?","-9.547","104.378",""
"0","Me quedaré solo","-6.647","98.142",""
"0","A Woman Loves a Man","-20.41","97.398",""
"0","Walking Away","-6.371","172.835",""
"0","Déjame olvidarte","-4.158","159.977",""
"1","Lola","-4.393","151.985",""
"0","La Lola","-4.393","151.985",""
"0","De qué me sirve llorar","-6.873","136.926",""
"0","Mammy Blue","-5.448","120.01",""
"0","Poker Face","-4.62","118.999",""
"0","Cantaloop (Flip Fantasia)","-11.516","115.998",""
"0","Tocar madera","-8.351","112.034",""
"1","La copa de la vida","-6.113","112.014",""
"0","Se a vida é (That's the Way Life Is)","-5.777","93.989",""
"0","FourFiveSeconds","-5.65","205.903",""
"0","Una, dos y tres","-6.468","161.944",""
"0","Veneno en la piel","-11.34","139.498",""
"0","Nada","-5.068","136.153",""
"0","No lastimes más","-7.715","135.601",""
"0","Desire","-7.715","135.601",""
"0","Desire","-7.715","135.601",""
"1","El africano","-6.078","134.061",""
"0","Sweetest Thing","-9.62","125.313",""
"0","Achy Breaky Heart","-10.247","121.772",""
"0","When Tomorrow Comes","-11.945","121.564",""
"0","Are You With Me?","-8.1","121.026",""
"0","Embrujada","-3.94","120.803",""
"0","Gimme Love","-8.76","119.589",""
"0","Silencio","-4.362","102.024",""
"0","Papeles mojados","-8.023","96.072",""
"0","Hablemos del amor","-4.848","88.421",""
"0","Mi soledad y yo","-7.045","78.77",""
"0","Señor Matanza","-7.396","191.832",""
"0","Eres toda una mujer","-7.283","173.058",""
"0","Ruido","-6.248","149.973",""
"0","Ruido","-6.248","149.973",""
"0","Sad Eyes","-7.041","133.072",""
"0","El canto de la sirena","-4.961","132.004",""
"0","Counting Stars","-4.945","121.979",""
"0","Story of My Life","-5.802","121.07",""
"0","Tiempo de amor","-5.173","106.985",""
"0","Notorious","-5.089","103.951",""
"0","Márchate ya","-4.763","101.693",""
"0","Frente al amor","-4.763","101.693",""
"0","Fireflies","-6.8","180.118",""
"0","Let it Go","-8.621","145.765",""
"0","Todo el tiempo del mundo","-11.376","128.014",""
"0","Analyse","-4.727","120.014",""
"0","La sangre de tu tristeza","-12.846","105",""
"0","Tu cadena","-7.096","97.986",""
"0","Wild Thoughts","-3.094","97.98",""
"0","The Captain of her Heart","-9.488","96.281",""
"0","That's the Way it Is","-5.424","93.04",""
"0","We Are the World","-6.94","64.177",""
"0","Hay que ver","-7.954","157.947",""
"0","Destrangis in the night","-5.604","133.932",""
"0","Last Night a DJ Saved my Life","-7.509","112.682",""
"0","A gritos de esperanza","-7.998","105.413",""
"0","Flaca","-11.729","99.195",""
"0","Dónde están tus ojos negros","-8.513","92.857",""
"0","A prueba de ti","-2.833","89.987",""
"0","I Swear","-9.658","83.207",""
"0","Bitch","-10.479","76.028",""
"0","Never Ever","-3.971","75",""
"0","Rock Me Amadeus","-4.929","176.664",""
"0","Asimbonanga","-7.636","165.655",""
"0","Escucha atento","-4.886","163.695",""
"0","La herida","-2.245","152.002",""
"0","She Works Hard for the Money","-12.998","136.497",""
"0","Esclavo de sus besos","-3.711","134.964",""
"0","Don't You Worry Child","-3.145","129.042",""
"0","Take Me to Church","-5.303","128.945",""
"0","Maldito duende","-5.657","125.796",""
"0","El ruido de fondo","-3.276","90.002",""
"0","Stand My Ground","-4.072","87.714",""
"0","Chandelier","-5.707","76.892",""
"0","Chandelier","-5.707","76.892",""
"0","Tu mirada me hace grande","-7.883","159.999",""
"0","Amiga mala suerte","-5.236","140.108",""
"0","Landslide of Love","-10.836","133.858",""
"0","Rivers Of Babylon","-4.516","126.653",""
"1","Fantasía","-3.537","126.024",""
"0","Fantasía","-3.537","126.024",""
"0","Can't Get You Out Of My Head","-7.516","126.007",""
"0","Big Big World","-3.137","125.985",""
"0","We Don't Need Another Hero (Thunderdome)","-5.866","98.85",""
"0","Sentir","-13.384","97.121",""
"0","Un zombie a la intemperie","-6.677","167.61",""
"0","Get On Your Knees","-7.11","144.037",""
"0","Atrapados en la red","-6.816","135.783",""
"0","El sitio de mi recreo","-11.654","124.46",""
"0","Telephone","-5.853","122.021",""
"0","Bang and Blame","-9.773","120.925",""
"0","What Have I Done to Deserve This","-5.281","118.026",""
"0","King George","-5.723","105.136",""
"1","Delilah","-10.578","103.981",""
"0","Say what You Want","-9.118","102.643",""
"0","Diamonds","-4.835","91.983",""
"0","When the Stars Go Blue","-13.277","90.541",""
"0","Hi-Jack","-11.262","172.965",""
"0","Tardes negras","-4.365","136.037",""
"0","Love is in Control (Finger on the Trigger)","-7.366","132.263",""
"0","Blood on the Dance Floor","-5.087","130.108",""
"0","Mi novio es un zombi","-7.667","127.56",""
"0","Hold me, Thrill me, Kiss me","-7.022","109.403",""
"0","Las chicas son guerreras","-7.6","105.528",""
"0","All Good Things (Come to an End)","-7.704","100.918",""
"0","All Good Things (Come to an End)","-7.704","100.918",""
"0","Don't Wanna Lose You Now","-8.375","92.991",""
"0","Para que no se duerman mis sentidos","-6.08","88.043",""
"0","Ride","-5.355","74.989",""
"0","El perdón","-5.828","179.911",""
"1","Despacito","-4.757","177.833",""
"0","If Only","-5.569","152.035",""
"0","Quiero morir en tu veneno","-6.544","148.024",""
"0","Mi razón de ser","-4.73","142.037",""
"0","San Pedro","-3.267","129.045",""
"0","Bailando sin salir de casa","-7.706","128.167",""
"0","Summer Sunshine","-6.56","121.515",""
"0","Calling Elvis","-11.68","120.054",""
"0","When You Believe","-6.042","119.97",""
"0","Stronger (What Doesn't Kill You)","-4.282","116.044",""
"0","Despídete","-11.67","114.799",""
"0","There Must Be an Angel (Playing with My Heart)","-5.495","112.129",""
"0","The Monster","-3.679","110.004",""
"0","Set Fire to the Rain","-3.882","107.995",""
"0","It's not Right but it's Okay","-7.636","107.963",""
"0","Linda","-7.859","106.173",""
"0","Marta, Sebas, Guille y los demás","-4.559","102.473",""
"0","Valió la pena","-6.496","97.68",""
"0","The Most Beautiful Girl in the World","-9.84","93.034",""
"0","Contigo","-7.281","89.982",""
"0","Outside","-7.281","89.982",""
"0","Innuendo","-6.926","84.141",""
"0","Rock and Roll is Dead","-7.726","185.926",""
"0","Cuando amanece","-2.444","179.867",""
"0","Quiero beber hasta perder el control","-9.075","167.865",""
"0","Mercy","-4.882","148.127",""
"0","Mercy","-4.882","148.127",""
"0","No te escaparás","-6.306","148.019",""
"0","San Francisco","-11.725","112.554",""
"0","Born to be Alive","-4.186","111.952",""
"0","Mi confianza","-9.87","104.069",""
"0","Closer","-5.599","95.01",""
"0","Súbeme la radio","-3.297","91.048",""
"0","Faded","-5.097","90.011",""
"0","Discotheque","-5.387","89.999",""
"0","When We Dance","-11.104","84.012",""
"0","Fresh","-10.996","74.998",""
"0","Impossible","-4.785","169.515",""
"0","Laura no está","-7.543","135.99",""
"0","Pájaros de barro","-4.588","130.963",""
"0","Gimme The Base (DJ)","-5.964","129.026",""
"0","Te voy a esperar","-7.372","128.988",""
"0","I'm an Albatraoz","-5.414","128.078",""
"0","FM (No Static at All)","-13.106","125.933",""
"0","Lo eres todo","-10.47","120.085",""
"0","Something Got Me Started","-6.563","112.112",""
"0","Casi nunca bailáis","-14.055","96.585",""
"0","Let Your Soul Be Your Pilot","-9.127","96.02",""
"0","Stay with Me","-6.431","84.082",""
"0","Quién será","-6.567","139.214",""
"0","Viva la Vida","-7.115","138.017",""
"0","All About That Bass","-3.724","134.064",""
"0","All About That Bass","-3.724","134.064",""
"0","Good Vibrations","-7.67","133.449",""
"0","Hemicraneal","-5.84","132.019",""
"0","Miénteme","-8.493","130.59",""
"1","Waka Waka (Esto es África)","-4.825","127.006",""
"1","Waka Waka (Esto es África)","-4.825","127.006",""
"0","Waiting For Tonight","-6.108","125.014",""
"0","Acid Mix","-12.205","123.018",""
"0","Mucho mejor","-4.583","122.868",""
"0","Sign of the Times","-4.63","119.972",""
"0","Un amigo de verdad","-10.295","119.363",""
"0","Maquillaje","-4.986","118.438",""
"0","Want to Want Me","-5.508","114.025",""
"0","Cosas de la edad","-3.033","107.504",""
"0","Catch & Release","-8.622","105.006",""
"0","No Son of Mine","-8.567","103.993",""
"0","A que no me dejas","-4.627","95.11",""
"0","If You Had My Love","-7","94.02",""
"0","Everybody's Changing","-3.521","94.017",""
"0","Entre mis recuerdos","-8.235","90.039",""
"0","Entre mis recuerdos","-8.235","90.039",""
"0","Ordinary World","-11.422","67.007",""
"0","Chihuahua","-11.646","66.582",""
"0","Si sí... o si no","-4.195","168.752",""
"0","Take Me Back 'Ome","-7.15","127.994",""
"1","Voyage Voyage","-8.268","127.787",""
"1","Call Me Maybe","-6.53","120.027",""
"0","Never Gonna Give You Up","-11.823","113.309",""
"0","Loca","-3.011","113.058",""
"0","Loca","-3.011","113.058",""
"0","Loca","-3.011","113.058",""
"0","Un pedazo de cielo","-5.479","107.517",""
"0","Rosas","-5.008","107.01",""
"0","Hey Ma","-3.115","106.002",""
"0","Muñeca de trapo","-3.285","94.975",""
"0","Cara de gitana","-13.76","80.073",""
"0","Historia de amor (Love Story)","-14.823","148.992",""
"0","Nada de ná'","-3.009","146.089",""
"0","Nuestros nombres","-4.141","139.961",""
"0","El refugio","-6.249","137.994",""
"0","Pandeirada","-13.788","134.991",""
"0","Mamma Maria","-5.767","134.598",""
"0","Quiero vender mi pasado","-6.355","125.505",""
"0","You Gotta Be","-6.355","125.505",""
"0","In the Shadows","-11.014","125.343",""
"0","Cuanto antes","-7.578","121.916",""
"0","Wrecking Ball","-6.262","119.964",""
"0","Wrecking Ball","-6.262","119.964",""
"0","Wrecking Ball","-6.262","119.964",""
"0","Morir de amor","-8.772","115.414",""
"0","La chispa adecuada (Bendecida 3)","-9.14","113.27",""
"0","Can't Take My Eyes Off You","-11.345","112.053",""
"0","Más y más","-7.676","109.983",""
"0","A este lado de la carretera","-10.554","103.501",""
"0","Si no te amase","-10.867","92.111",""
"0","In The Ghetto","-16.688","88.916",""
"0","Te necesito","-8.213","84.029",""
"0","Te necesito","-8.213","84.029",""
"0","Toda","-7.86","80.078",""
"0","Russian Roulette","-5.754","80.051",""
"0","¡Grita!","-7.77","200.064",""
"0","El universo sobre mí","-4.078","185.992",""
"0","Radio","-6.593","180.043",""
"0","Dusk Till Dawn","-6.593","180.043",""
"0","Contigo","-7.941","174.041",""
"1","Stars on 45","-19.402","173.5",""
"0","Si bastasen un par de canciones","-3.323","171.808",""
"0","Barbie de extrarradio","-5.151","153.014",""
"0","Los amigos de mis amigas son mis amigos","-9.712","133.12",""
"0","Why Can't We Be Friends","-6.321","122.992",""
"0","Mundo de cristal","-3.661","122.327",""
"0","Soy yo","-9.733","120.021",""
"0","Tender","-5.445","112.956",""
"0","Rosa y espinas","-4.305","107.936",""
"1","La soledad","-4.13","90.955",""
"0","La playa","-5.707","88.535",""
"1","La playa","-5.707","88.535",""
"0","El viaje","-5.707","88.535",""
"0","Blanco y negro","-3.486","168.3",""
"0","I'm Yours","-8.322","150.953",""
"0","Cuélate en mi música","-11.281","145.956",""
"0","O tú o nada","-8.814","144.075",""
"0","Besos","-3.583","143.957",""
"0","Besos","-3.583","143.957",""
"0","Just Another Night","-10.382","131.857",""
"0","Stan","-16.79","129.318",""
"0","Cola Song","-3.072","125.063",""
"0","Nothing Compares 2 U","-7.016","119.917",""
"0","Háblame del mar, marinero","-4.686","119.812",""
"0","Love Story","-7.486","118.997",""
"0","Entre tú y yo","-9.302","108.007",""
"0","Supernatural","-7.061","94.06",""
"0","If You Could Read My Mind","-7.061","94.06",""
"0","Girl On Fire","-5.762","92.494",""
"0","Heathens","-9.348","90.024",""
"0","Él","-3.562","90.017",""
"0","All the Things She Said","-5.72","89.994",""
"0","Ebony and Ivory","-12.885","80.703",""
"0","La resa dei conti","-19.493","179.315",""
"0","Que no soy yo","-6.741","138.373",""
"0","Union of the Snake","-13.015","135.396",""
"0","Lágrimas desordenadas","-4.457","127.92",""
"0","Tu jardín con enanitos","-4.457","127.92",""
"0","Tu jardín con enanitos","-4.457","127.92",""
"0","Stereo Love","-3.781","127.052",""
"0","Come into my Life","-8.942","123.091",""
"0","Crazy","-5.071","114.987",""
"0","Ya no danzo al son de los tambores","-11.387","110.006",""
"0","Losing my Mind","-10.997","100.042",""
"0","(I Can't Help) Falling in Love With You","-16.989","97.388",""
"0","Heal the World","-8.045","80.923",""
"0","Let Her Go","-7.335","75.089",""
"0","Solo si es contigo","-6.205","175.2",""
"0","Have You Ever Needed Someone So Bad","-9.394","154.088",""
"0","Duele el amor","-5.851","142.044",""
"0","No te rindas","-6.241","130.074",""
"0","No te rindas","-6.241","130.074",""
"0","Ayo Technology","-7.664","128.052",""
"0","Ayo Technology","-7.664","128.052",""
"0","A tu lado","-9.673","120.361",""
"0","Necesito un trago","-8.13","119.692",""
"0","Reach Out I'll Be There","-10.053","119.587",""
"0","Cruz de navajas","-6.194","116.147",""
"0","Why?","-6.584","113.01",""
"0","All that She Wants","-9.689","93.764",""
"0","Devuélveme la vida","-6.803","80.875",""
"0","El amoto","-5.004","178.197",""
"0","Piel sobre piel","-8.125","171.896",""
"0","The One and Only","-23.533","159.504",""
"0","Heart","-8.179","130.276",""
"0","Son sueños","-4.427","128.041",""
"0","By the Way","-4.938","122.444",""
"0","Apologize","-6.12","118.008",""
"0","Smells Like Teen Spirit","-4.509","116.746",""
"0","Nirvana","-4.509","116.746",""
"0","Ice Ice Baby","-2.79","116.006",""
"0","Torn","-5.815","115.015",""
"0","Vertigo","-9.87","108.047",""
"0","Vertigo","-9.87","108.047",""
"0","Vertigo","-9.87","108.047",""
"0","Cross my Heart","-23.523","105.951",""
"0","Pray","-5.02","100.537",""
"0","Sólo para ti","-7.628","77.589",""
"0","Please Forgive Me","-8.273","67.007",""
"0","Right Here Waiting","-13.589","177.679",""
"0","Noche de San Juan","-3.717","147.768",""
"0","Sweet Kisses","-3.617","139.961",""
"0","Días de verano","-2.509","139.781",""
"0","Días de verano","-2.509","139.781",""
"0","The Bad Touch","-6.247","122.984",""
"0","Se le apagó la luz","-11.901","122.862",""
"0","How to Save a Life","-4.08","122.035",""
"1","Get Lucky","-8.966","116.047",""
"0","Lucky","-8.966","116.047",""
"0","Ali Shuffle","-7.477","107.285",""
"0","Que te quiero","-11.534","92.962",""
"0","Let's Talk About Me","-5.581","88.96",""
"0","Burn","-4.99","85.409",""
"0","No me puedes dejar así","-5.248","137.748",""
"0","Aunque no te pueda ver","-8.673","117.989",""
"0","Pretendo hablarte","-8.784","104.046",""
"0","Bravo muchachos","-8.696","163.239",""
"0","Manos al aire","-3.815","125.007",""
"0","Secretaria","-8.631","88.976",""
"0","Through the Barricades","-13.994","146.088",""
"0","Someone Like You","-8.251","135.047",""
"0","Someone Like You","-8.251","135.047",""
"0","Can't Take My Eyes Off You","-6.542","120.051",""
"0","When You're Gone","-6.542","120.051",""
"0","Ven","-8.071","122.458",""
"0","Los ojos del gato","-11.341","100.683",""
"0","Agapimú","-5.782","103.35",""
"0","Acuarela","-4.221","128.99",""
"0","Stars","-4.891","193.016",""
"0","Music","-4.891","193.016",""
"0","How Do You Do?","-4.258","127.976",""
"0","Somebody That I Used To Know","-6.927","129.055",""
"0","Love Me Again","-3.469","126.027",""
"0","Love Me Again","-3.469","126.027",""
"0","Dos hombres y un destino","-7.069","143.98",""
"0","Negrita","-11.631","117.954",""
"0","Photograph","-10.48","107.989",""
"0","We Are One (Ole Ola)","-3.605","124.989",""
"0","Changes","-10.068","64.934",""
"0","Este payo (en castellano)","-10.49","108.242",""
"0","Más allá","-10.642","83.953",""
"0","Duro de pelar","-11.141","150.282",""
"0","N'a veiriña do mar","-7.7","129.896",""
"0","I'm Gonna Miss You","-18.52","75.645",""
"0","Quiero tener tu presencia","-5.596","146.074",""
"0","Dance Again","-5.236","127.988",""
"0","Too Much Heaven","-8.486","90.018",""
"0","Ayudadme","-10.314","170.406",""
"1","Hey!","-9.492","107.405",""
"1","You're the One that I Want","-7.039","84.093",""
"0","Nunca el tiempo es perdido","-5.652","129.937",""
"0","Te entiendo","-3.572","103.997",""
"0","Te entiendo","-3.572","103.997",""
"0","El pozo de Arán","-8.287","138.059",""
"0","Sincericidio","-5.235","124.885",""
"0","¡Ojú!","-5.26","99.604",""
"0","Qué bonito","-8.425","97.037",""
"0","Cabaret","-5.117","108.967",""
"0","You've Got to Give a Little","-6.754","90.34",""
"0","Out of Control","-7.514","78",""
"0","Wavin' Flag","-4.443","75.995",""
"0","Nobody Told Me","-3.707","145.103",""
"0","Mujer contra mujer","-8.465","144.687",""
"0","Te quiero","-3.683","117.974",""
"0","One Wild Night","-4.52","142.558",""
"0","Hands Up (Give Me Your Heart)","-9.371","120.019",""
"0","No puedo enamorarme de ti","-9.371","120.019",""
"1","La, la, la","-3.617","96.022",""
"0","La La La","-3.617","96.022",""
"0","Échame la culpa","-3.617","96.022",""
"0","Cosas que suenan a...","-8.005","148.968",""
"0","Miro la vida pasar","-6.948","130.002",""
"0","No, no hay nadie más","-9.14","105.015",""
"0","Maria","-26.399","76.98",""
"0","Material Girl","-3.419","136.506",""
"0","My Brave Face","-8.62","123.39",""
"0","Hey, mademoiselle","-10.78","123.048",""
"0","We'll be Together","-9.884","116.426",""
"0","Trumpets","-4.884","81.897",""
"0","Partiendo la pana","-4.893","130.904",""
"0","Fuente de energía","-6.558","100.145",""
"0","The Best of Times","-10.271","116.624",""
"0","Rise Up","-6.619","93.78",""
"0","Ven conmigo (solamente tú)","-3.498","118.95",""
"0","Ángel de amor","-4.254","129.806",""
"0","Believe","-9.308","79.785",""
"0","I'm Coming Home","-18.732","87.249",""
"0","It's Downtown","-10.344","163.741",""
"0","El cielo no entiende","-8.483","128.011",""
"0","It's My Life","-17.024","94.422",""
"0","I Feel It Coming","-5.9","92.985",""
"0","The Woman in you","-13.445","113.647",""
"0","A Dios le pido","-3.513","96.95",""
"0","That's what I Like","-4.961","134.066",""
"0","Color esperanza","-6.698","100.936",""
"0","Feels","-3.105","101.018",""
"0","La costa del silencio","-7.021","133.918",""
"0","Estoy aquí","-4.656","84.975",""
"0","Eternal Flame","-7.239","78.988",""
"0","Take a Bow","-7.536","82.081",""
"0","Live Together (New Version)","-4.714","115.431",""
"0","Me enamora","-3.96","94.009",""
"0","Cacho a cacho","-8.682","79.608",""
"1","Bailando","-7.11","98.015",""
"1","Bailando","-7.11","98.015",""
"0","Bailando","-7.11","98.015",""
"0","Blaze of Glory","-9.823","78.598",""
"0","Have You Ever Really Loved a Woman?","-8.091","145.587",""
"0","Feelings","-3.854","110.956",""
"0","Streets of Philadelphia","-15.488","93.667",""
"1","Human Touch","-4.081","102.979",""
"0","Shape of You","-3.183","95.977",""
"0","Shape of You","-3.183","95.977",""
"0","People Help the People","-7.494","75.108",""
"0","Pisando fuerte","-7.46","136.839",""
"0","Yo confieso","-4.855","131.349",""
"0","Left Outside Alone","-3.567","102.847",""
"1","Left Outside Alone","-3.567","102.847",""
"0","Me enamoré","-2.251","103.71",""
"0","Adrenalina","-2.793","124.987",""
"0","Darling Pretty","-6.697","94.662",""
"0","Sin documentos","-2.84","192.392",""
"0","Diez mil maneras","-4.642","153.958",""
"0","Take Me to Your Heart","-15.125","132.754",""
"0","Heroes","-6.491","112.114",""
"0","Call me","-4.527","104.961",""
"0","Sadeness","-9.547","95.647",""
"0","Work","-6.238","91.974",""
"0","Lost On You","-6.126","174.006",""
"0","No Ordinary Love","-10.421","166.146",""
"0","Caperucita feroz","-4.142","122.429",""
"1","Wannabe","-9.166","117.693",""
"0","Praying for Time","-14.878","127.814",""
"0","The Rising","-9.11","117.363",""
"0","Como un lobo","-5.844","159.937",""
"0","Como un lobo","-5.844","159.937",""
"1","Gangnam Style","-2.872","132.077",""
"0","¡Eres tonto!","-3.269","189.146",""
"0","Agradecido","-6.219","174.29",""
"0","Vivo cantando","-6.484","131.264",""
"0","Bad Medicine","-3.796","118.709",""
"0","Break Your Heart","-4.217","122.01",""
"0","Dance into the Light","-5.579","92.997",""
"0","Let there Be Love","-17.25","119.619",""
"1","Cheap Thrills","-5.608","89.976",""
"0","El peón del rey de negras","-4.932","129.432",""
"0","The gift","-24.325","127.71",""
"0","La estrella de David","-5.909","120.001",""
"0","Got A Feeling","-5.791","139.93",""
"0","Satellites","-4.53","122.037",""
"0","Just an Illusion","-12.056","89.931",""
"0","You Got It (The Right Stuff)","-3.369","119.973",""
"0","El último vals","-4.788","137.981",""
"0","El último vals","-4.788","137.981",""
"0","Tocado y hundido","-3.737","102.052",""
"0","Tocado y hundido","-3.737","102.052",""
"0","Don't Turn Around","-5.792","109.335",""
"0","Ella es un volcán","-4.371","150.996",""
"0","Marta tiene un marcapasos","-3.225","102.238",""
"0","Otra como tú","-9.363","177.67",""
"0","You Rock My World","-2.53","95.004",""
"0","Dejad que las niñas se acerquen a mí","-9.292","147.716",""
"1","Un sorbito de champagne","-8.406","184.353",""
"0","Precisamente ahora","-4.229","140.24",""
"0","Con la luna llena","-6.516","163.941",""
"0","Euphoria","-3.646","126.026",""
"0","Euphoria","-3.646","126.026",""
"0","La distancia","-6.596","102.954",""
"0","Together Again","-9.073","84.983",""
"0","Te quiero con locura","-7.649","147.257",""
"0","Summer in the City","-9.756","110.461",""
"1","Las de la intuición","-7.075","130.032",""
"0","París","-6.763","99.999",""
"0","The Hustle","-7.016","152.927",""
"0","Gypsy Woman (She's Homeless)","-10.755","124.908",""
"0","Help!","-11.83","96.529",""
"0","Qué será","-6.789","86.988",""
"1","Gimme Hope Jo'anna","-12.148","128.685",""
"1","El Bimbó","-18.184","148.154",""
"0","I Will Love Again","-8.031","126.975",""
"0","Those Were The Days","-6.901","100.039",""
"0","Those Were The Days","-6.901","100.039",""
"0","Those Were The Days","-6.901","100.039",""
"0","Hey Jude","-7.7","147.207",""
"0","You're Beautiful","-9.87","81.998",""
"0","You're Beautiful","-9.87","81.998",""
"0","Breathe Again","-6.36","153.919",""
"0","All Around the World","-4.608","101.211",""
"0","Corazón espinado","-5.173","119.959",""
"0","Y no","-7.439","126.219",""
"0","What About Us","-6.186","113.843",""
"0","Eye of the Tiger","-9.249","108.873",""
"0","How Much","-7.335","109.965",""
"0","Te busqué","-7.544","80.321",""
"0","Lo que fui es lo que soy","-3.797","139.082",""
"0","Earth Song","-7.521","138.374",""
"0","En qué estrella estará","-7.441","170.044",""
"0","En qué estrella estará","-7.441","170.044",""
"1","Gloria","-14.367","140.936",""
"0","Lloras","-3.343","171.986",""
"0","You Are a Danger","-7.801","123.229",""
"0","I Just Called to Say I Love You","-9.064","113.545",""
"0","I Just Called to Say I Love You","-9.064","113.545",""
"1","María Isabel","-5.182","160.023",""
"1","María Isabel","-5.182","160.023",""
"0","Antes muerta que sencilla","-5.182","160.023",""
"0","U Can't Touch This","-13.222","133.148",""
"0","Drive By","-3.198","122.033",""
"0","El fallo positivo","-9.365","112.572",""
"0","Sign Your Name","-11.238","109.148",""
"0","It Ain't Me","-6.596","99.968",""
"0","I Surrender","-11.702","183.574",""
"0","Only When You Leave","-6.842","136.91",""
"1","Saca el güisky, Cheli","-7.635","132.663",""
"0","Can't Hold Us","-4.457","146.078",""
"1","Ma quale idea","-4.958","158.314",""
"0","Tonight I'm Yours (Don't Hurt Me)","-4.958","158.314",""
"0","Blurred Lines","-4.762","119.991",""
"0","Blurred Lines","-4.762","119.991",""
"0","Strong Enough","-5.576","96.98",""
"0","That's What Friends Are For","-14.643","120.117",""
"0","Ponle sabor","-4.432","97.03",""
"0","Todo se derrumbó dentro de mí","-11.01","129.965",""
"0","Honey","-2.984","94",""
"0","The Witch Queen Of New Orleans","-8.816","120.464",""
"0","Besaré el suelo","-8.038","138.218",""
"0","Hello","-6.129","157.98",""
"0","Hello","-6.129","157.98",""
"0","París latino","-7.432","114.976",""
"0","Father Figure","-13.288","101.988",""
"0","Ya no quiero tu querer","-7.514","93.975",""
"0","My Love","-4.292","99.996",""
"0","We Are Young","-5.576","184.086",""
"0","The Universal","-7.669","163.036",""
"0","Sólo era un niño","-15.031","152.823",""
"0","Attention","-4.432","100.041",""
"0","Víctimas del desamor","-6.811","90.327",""
"0","Cada vez que estoy sin ti","-6.661","82.908",""
"0","Jesus to a Child","-11.781","173.561",""
"0","Looking for Paradise","-6.269","88.945",""
"0","Pokito a poko","-8.433","108.007",""
"0","I Took a Pill in Ibiza","-6.647","101.965",""
"0","Tragedy","-7.589","150.014",""
"0","Terriblemente cruel","-4.17","125.594",""
"0","Bad Romance","-3.755","119.001",""
"0","Summercat","-8.12","95.057",""
"0","Holiday Rap","-6.967","115.993",""
"0","Verás (You'll See)","-6.122","148.052",""
"0","Qué peligro tiene","-4.927","90.003",""
"0","My Sweet Lord","-8.935","120.965",""
"0","My Sweet Lord","-8.935","120.965",""
"0","I Will Always Love You","-12.518","66.98",""
"0","I Will Always Love You","-12.518","66.98",""
"0","I Will Always Love You","-12.518","66.98",""
"1","Beach Boys Megamix","-12.861","130.264",""
"0","El amor de mi vida","-5.358","172.057",""
"0","Las cosas que vives","-6.219","107.02",""
"0","The Look","-7.792","84.947",""
"0","Way Down We Go","-5.798","81.663",""
"0","Maracaibo","-6.107","114.697",""
"0","Se puede decir","-8.35","95.049",""
"0","Blind Man","-8.526","111.031",""
"0","Una historia","-8.959","110.025",""
"0","Terminado","-7.224","109.122",""
"0","Shape of my heart","-10.081","83.936",""
"0","Joanna","-11.032","139.949",""
"0","Hey Brother","-4.867","125.014",""
"0","Amante bandido","-8.026","130.797",""
"0","Cuando duermes","-7.033","126.972",""
"0","El imperio contraataca","-5.726","133.117",""
"0","Garota nacional","-5.435","104.044",""
"0","Unwritten","-6.333","100.013",""
"1","Dançando Lambada","-6.529","119.162",""
"0","Amazing","-36.281","70.329",""
"0","Better Days","-8.375","114.843",""
"0","Ve con él","-3.623","94.937",""
"0","Bye, Bye, Bye","-8.193","92.144",""
"0","Bye Bye","-8.193","92.144",""
"0","Malibu","-6.406","139.934",""
"0","Pan y mantequilla","-5.039","99.997",""
"0","Nothing's Gonna Stop Me Now","-29.039","70.921",""
"0","Summer","-4.034","102.002",""
"0","What Do You Mean?","-8.118","125.02",""
"0","Say You, Say Me","-11.113","128.068",""
"0","Dancing on the Ceiling","-11.113","128.068",""
"0","Staring at the Sun","-9.068","103.063",""
"0","Everything's Gonna Be Alright","-9.068","103.063",""
"0","Por amor","-6.727","147.022",""
"0","White Flag","-6.834","170.037",""
"1","Corazón partío","-6.731","160.075",""
"0","Todas las flores","-6.731","160.075",""
"0","Pata Pata","-13.29","101.398",""
"0","I love you baby","-5.533","107.779",""
"0","Cosas de la vida","-4.773","102.007",""
"0","Amar es algo más","-4.321","114.674",""
"0","Gavilán o paloma","-6.182","126.308",""
"0","Cuéntame","-3.756","119.65",""
"0","Cuéntame un cuento","-3.756","119.65",""
"0","Bad","-7.527","148.129",""
"0","Alejandro","-4.456","95.973",""
"0","Alejandro","-4.456","95.973",""
"0","Have a Nice Day","-4.066","130.06",""
"0","I Don't Like It, I Love It","-4.697","118.004",""
"0","La casa azul","-5.201","117.01",""
"0","Sexual","-5.201","117.01",""
"0","El souvenir","-10.282","123.703",""
"0","Haz turismo","-4.6","89.945",""
"0","Voy a pasármelo bien","-5.866","147.997",""
"0","Ayúdame (no soy un héroe)","-12.186","146.414",""
"0","La Década en Río (medley)","-6.705","113.074",""
"0","Si sé que te tengo a ti","-5.14","139.983",""
"1","Help, ayúdame","-4.157","125.937",""
"0","Enjoy the Silence","-5.744","112.788",""
"0","These Days","-5.294","123.823",""
"0","Cerca de ti","-5.407","105.148",""
"0","El que canta su mal espanta","-9.579","154.997",""
"0","¡Ay, corazón!","-6.891","169.99",""
"0","Hold My Hand","-5.717","122.977",""
"0","Vivir al este del Edén","-4.699","108.088",""
"0","Una noche de amor desesperada","-6.002","184.028",""
"0","Juntos","-6.002","184.028",""
"0","Arte moderno","-5.559","141.948",""
"0","Cuéntame al oído","-4.408","139.773",""
"0","Ya nada volverá a ser como antes","-4.577","132.028",""
"0","Don't Tell Me","-6.417","127.685",""
"0","Me estoy volviendo loco","-7.097","163.186",""
"0","No tengo tiempo","-7.756","136.24",""
"0","You Are Not Alone","-9.303","119.878",""
"0","Doctor Jones","-5.964","144.99",""
"0","Yo te esperaré","-5.598","175.956",""
"0","Te esperaré","-5.598","175.956",""
"0","Te esperaré","-5.598","175.956",""
"0","Nothing's Gonna Change My Love for You","-15.257","142.061",""
"0","Fantástico amor","-8.473","119.992",""
"0","One Of These Nights","-10.385","110.061",""
"0","Dámelo ya","-4.494","89.008",""
"0","La suerte que viene y va","-6.903","129.804",""
"0","Ginza","-6.469","101.95",""
"0","Nothing Else Matters","-11.218","142.352",""
"0","Bailar pegados","-8.498","139.832",""
"0","Prohibida","-3.935","93.972",""
"0","No llores por mí Argentina","-11.556","143.519",""
"0","Here with Me","-7.942","83.387",""
"0","Only Girl (In the World)","-4.159","125.922",""
"0","La madre","-2.84","101.022",""
"0","La madre de José","-2.84","101.022",""
"0","Nunca volverá","-3.172","183.901",""
"0","Fotonovela","-12.439","119.802",""
"0","Out of Reach","-6.737","97.024",""
"0","Kamikaze","-6.7","155.045",""
"0","Mixed Emotions","-6.405","115.989",""
"0","Fields of Gold","-11.917","103.996",""
"0","Toda la noche en la calle","-3.96","129.95",""
"0","Both Sides of the Story","-6.91","127.645",""
"0","Salta!!!","-7.418","90.021",""
"0","Chica de ayer","-4.337","127.295",""
"0","Nikita","-9.29","86.605",""
"0","Rhythm Divine","-2.711","102.026",""
"0","Feel","-5.151","78.969",""
"0","Feel It Still","-5.151","78.969",""
"0","Y.M.C.A.","-8.595","147.916",""
"0","The Lady Don't Mind","-5.93","127.996",""
"0","Cómo quieres que te quiera","-7.398","126.006",""
"0","Propuesta","-6.83","122.936",""
"0","Nothing's Gonna Stop Us Now","-4.921","95.988",""
"0","La fuerza del corazón","-7.176","76.827",""
"0","Te comería el corazón","-6.233","89.984",""
"0","Me vuelvo loco","-6.518","111.057",""
"0","Amores extraños","-7.334","78.003",""
"0","Amores extraños","-7.334","78.003",""
"0","El secreto de las tortugas","-5.483","169.954",""
"0","Crazy in Love","-6.596","99.165",""
"0","Black or White","-3.748","115.029",""
"0","You Gotta Love Someone","-9.174","205.275",""
"0","Licencia para bailar","-9.881","117.011",""
"0","On the Floor","-4.902","100.012",""
"0","Por si tú quieres saber","-8.479","135.694",""
"0","Shake you down","-5.756","105.11",""
"0","Broken Wings","-15.646","99.233",""
"0","¡Que tire la toalla!","-6.504","126.262",""
"0","Estaciones","-10.288","101.997",""
"0","Salomé","-5.699","128.009",""
"0","Candle in the Wind","-5.699","128.009",""
"0","Pura sangre","-5.699","128.009",""
"0","I've Been Thinking About You","-6.449","113.535",""
"0","Rastros de ti","-10.751","96.123",""
"0","Mishale","-5.643","176.043",""
"1","Danza kuduro","-4.828","130.051",""
"0","Y no amanece","-4.872","114.024",""
"0","No amanece","-4.872","114.024",""
"0","Every breath you take","-9.796","117.401",""
"0","Amor de mujer","-6.037","88.513",""
"0","Ain't Nobody (Loves Me Better)","-7.046","117.974",""
"0","Caballo de batalla","-4.804","93.993",""
"0","Baby Don't Cry","-20.519","188.036",""
"0","Hangover","-3.232","128.048",""
"0","Your Latest Trick","-13.491","122.56",""
"0","Historias de amor","-4.658","120.8",""
"0","Corazón infame","-13.356","104.365",""
"0","Serás mi cómplice","-3.725","79.891",""
"0","Who's that Girl","-14.06","118.883",""
"0","Into the Groove","-4.164","116.467",""
"0","Desidia","-8.121","131.647",""
"0","Hot N Cold","-3.956","132.032",""
"0","The Grease Megamix","-7.737","125.144",""
"0","Hoy tengo ganas de ti","-6.378","123.849",""
"0","La deuda de la mentira","-10.204","120.727",""
"0","One Chain (Don't make no prison)","-13.173","86.914",""
"0","Labios compartidos","-3.624","162.058",""
"0","Labios compartidos","-3.624","162.058",""
"0","Te lo agradezco, pero no","-5.959","149.919",""
"0","Barrel of a Gun","-8.736","139.618",""
"1","Hung Up","-7.695","125.02",""
"0","Aserejé","-5.538","184.787",""
"0","Maggie May","-10.536","129.449",""
"0","Mi corazón","-3.476","110.054",""
"0","Marionetas en la cuerda","-7.432","130.82",""
"0","Fairground","-6.56","122.86",""
"0","One Day in Your Life","-4.367","118.893",""
"0","Waves","-11.97","109.902",""
"0","Always","-5.589","143.713",""
"0","In The Year 2525","-5.609","123.487",""
"0","Lady Pepa","-7.441","112.623",""
"0","Part-Time Lover","-13.606","174.513",""
"0","Galilea","-5.431","131.719",""
"0","Welcome to My Life","-4.535","173.255",""
"0","Me muero","-11.85","134.199",""
"0","Oye el boom","-4.397","194.008",""
"0","Max Mix 4","-11.465","129.993",""
"0","Lili Marlen","-8.219","109.568",""
"0","The River of Dreams","-8.15","89.646",""
"0","On a Day Like Today","-9.942","79.984",""
"0","I Can't Stand It","-5.512","150.028",""
"0","Faith","-11.994","95.846",""
"0","So Young","-4.761","108.005",""
"0","Voy a mil","-5.367","75.894",""
"0","Quiero ser","-3.507","134.021",""
"0","Quiero ser","-3.507","134.021",""
"0","Perdona","-6.183","89.996",""
"0","Ain't Your Mama","-5.529","120.075",""
"0","La moto","-4.37","90.039",""
"0","This is the Life","-5.024","95.083",""
"0","This is the Life","-5.024","95.083",""
"0","See You Again","-7.503","80.025",""
"0","Insoportable","-4.142","131.022",""
"0","Promises","-10.612","133.777",""
"0","Despertar","-4.466","176.005",""
"0","Ave Lucía","-10.823","132.204",""
"0","I'm Gonna Getcha Good!","-3.821","123.989",""
"0","Livin' in Jam","-9.836","167.74",""
"0","MMMBop","-1.644","136.684",""
"0","Get Up! (Before The Night Is Over)","-11.84","123.968",""
"0","Yo contigo, tú conmigo","-6.878","94.006",""
"0","37 grados","-12.14","138.71",""
"0","Una rosa es una rosa","-8.818","116.013",""
"0","Y... no","-5.144","172.066",""
"0","Wrapped Around your Finger","-11.522","127.689",""
"0","Another Day in Paradise","-7.32","101.967",""
"0","Harlem Shuffle","-8.709","117.609",""
"0","Suerte","-6.976","106.924",""
"0","Nacido para volar","-9.606","90.11",""
"0","Children","-10.761","137.064",""
"0","I Want it All","-5.579","131.052",""
"0","Atlantis Is Calling (S.O.S. for Love)","-11.674","113.448",""
"0","Lullaby","-3.988","127.966",""
"0","Don't Cry for Me, Argentina","-5.214","165.873",""
"1","Me colé en una fiesta","-4.451","144.802",""
"0","Frío sin ti","-7.733","104.862",""
"0","Estrella gemela","-10.237","121.568",""
"0","De vuelta y vuelta","-10.559","94.962",""
"0","Typical Male","-7.772","106.013",""
"0","La buena onda","-6.253","167.285",""
"0","Nos queda la noche","-12.889","107.971",""
"0","Pánico en el Edén","-3.816","167.181",""
"0","(Everything I Do) I Do It For You","-12.655","131.224",""
"0","Niña","-12.339","125.574",""
"0","Un beso y una flor","-9.852","168.084",""
"0","Obsesión","-6.912","133.679",""
"0","Obsesión","-6.912","133.679",""
"1","The Final Countdown","-6.918","117.652",""
"0","Maria Caipirinha","-5.558","134.042",""
"0","Don't Go Breaking My Heart","-8.824","131.459",""
"0","Issues","-6.827","113.634",""
"0","Baila conmigo","-6.692","99.948",""
"0","Baila","-6.692","99.948",""
"0","Baila baila","-6.692","99.948",""
"0","If I Ever Lose My Faith in You","-9.539","97.995",""
"0","Can't Cry Anymore","-10.881","110.694",""
"0","Estoy enfermo","-3.177","100.022",""
"0","Stressed Out","-5.677","169.977",""
"0","The Real Thing","-4.472","108.989",""
"0","The Game of Love","-3.236","119.818",""
"0","What's Up?","-2.494","124.989",""
"0","Freedom! '90","-10.856","91.691",""
"0","Este mundo va","-11.804","134.019",""
"0","Brown Sugar","-3.594","128.606",""
"1","Jaleo","-5.102","100.011",""
"0","Cartoon Heroes","-3.896","128.03",""
"0","You Can Win if You Want","-7.589","108.01",""
"0","Como una ola","-7.539","104.265",""
"0","Salta!!","-7.539","104.265",""
"0","Como una ola","-7.539","104.265",""
"0","Dragostea din tei","-3.947","130.103",""
"1","Dragostea din tei","-3.947","130.103",""
"0","American Life","-2.385","100.021",""
"0","California","-9.484","147.125",""
"0","Jenny from the Block","-5.448","100",""
"0","Desde mi libertad","-4.31","115.979",""
"1","Borriquito","-6.316","95.515",""
"0","Vive el verano","-8.349","124.016",""
"0","Conspiración","-4.148","95.033",""
"0","Anybody Seen My Baby?","-10.805","81.99",""
"0","Can't Shake the Feeling","-9.003","128.023",""
"0","Happy World","-10.761","140.075",""
"0","Halo","-5.908","79.983",""
"0","Get Down","-6.344","110.864",""
"0","The One","-3.771","87.46",""
"1","La camisa negra","-4.419","97.007",""
"0","Don't Worry, Be Happy","-15.785","67.502",""
"0","La última carta","-3.756","178.043",""
"0","Que nadie sepa mi sufrir","-5.628","136.721",""
"0","Champú de huevo","-5.628","136.721",""
"0","Breakthoven","-4.662","143.721",""
"0","Vas a enloquecer","-10.754","91.023",""
"0","Mátame","-3.825","159.883",""
"0","Mama","-4.086","104.043",""
"0","Dile que la quiero","-8.135","104.948",""
"0","Say It Right","-6.328","116.947",""
"1","Don't Stop the Music","-5.582","122.668",""
"0","Disco Stomp","-9.169","120.17",""
"0","Lobo hombre en París","-7.547","146.29",""
"0","I Feel the Earth Move","-8.784","120.116",""
"0","Someday, Somewhere","-9.166","109.914",""
"0","Two People","-6.563","89.685",""
"0","Santo Santo","-4.393","160.434",""
"0","Los chicos no lloran","-8.47","133.12",""
"0","State of Shock","-7.696","121.562",""
"0","Is This Love","-8.371","122.232",""
"0","This Is Love","-8.371","122.232",""
"0","Ay qué pesado","-6.813","142.236",""
"0","Esta luz nunca se apagará","-4.755","147.913",""
"0","Believe","-6.72","132.975",""
"0","Outside","-6.72","132.975",""
"0","Raincloud","-2.352","154.095",""
"0","Nada que perder","-2.352","154.095",""
"0","Looking For Clues","-2.325","151.714",""
"0","Y sin embargo","-2.325","151.714",""
"0","Tequila","-2.325","151.714",""
"0","Ya no me engañas","-7.321","141.897",""
"0","One","-3.112","94.968",""
"0","One","-3.112","94.968",""
"0","One","-3.112","94.968",""
"0","Otro día más sin verte","-10.379","105.908",""
"0","Otro día más sin verte","-10.379","105.908",""
"0","Otro día más sin verte","-10.379","105.908",""
"0","Me rehúso","-6.327","104.823",""
"0","Será porque te amo","-7.421","118.889",""
"0","Max Mix 5 (Parte 1)","-7.968","124.019",""
"0","Max Mix 5 (Parte 2)","-7.968","124.019",""
"0","Acordes","-3.601","102.965",""
"0","Sigo intentando","-6.638","129.771",""
"0","Shy Guy","-5.447","94.074",""
"0","All The Man That I Need","-9.98","150.888",""
"0","Stitches","-6.681","149.882",""
"0","Dos enamorados","-7.68","78.039",""
"0","Dos enamorados","-7.68","78.039",""
"0","Actitudes","-7.202","71.929",""
"0","Retorciendo palabras","-5.697","124.953",""
"0","El orden del mundo","-12.438","95.099",""
"0","A un perro flaco","-7.715","102.108",""
"0","Sólo tú","-16.019","120.081",""
"0","Gettin' Jiggy Wit It","-6.479","139.959",""
"1","Everlasting Love","-10.771","125.96",""
"0","Volver a casa","-6.392","100.015",""
"0","Missing","-9.736","208.571",""
"0","Missing","-9.736","208.571",""
"0","Carmen","-6.211","159.954",""
"0","Who's That Chick?","-4.733","127.938",""
"0","Thrift Shop","-6.985","94.992",""
"0","Parando el tiempo","-6.777","156.108",""
"0","La vida empieza hoy","-5.051","125.08",""
"0","Locked Away","-5.709","118.413",""
"0","Morenamía","-5.766","160.011",""
"0","Chico, tienes que cuidarte","-12.129","103.996",""
"0","Tranquilo majete","-3.469","200.206",""
"0","Good Thing","-10.119","164.718",""
"0","Candida","-10.056","127.576",""
"0","Umbrella","-4.603","174.028",""
"0","Yin Yang","-4.929","99.182",""
"0","The Greatest","-7.276","191.702",""
"0","More than this","-4.111","180.039",""
"1","Funky Town","-8.005","134.308",""
"0","Woman","-5.342","87.862",""
"0","Caballo negro","-13.759","106.434",""
"0","Maniac","-11.516","158.86",""
"0","The Twist","-9.198","124.631",""
"0","Stuck with You","-11.402","120.717",""
"0","El boxeador","-6.819","97.535",""
"0","Super, Superman","-14.453","133.939",""
"0","She Drives me Crazy","-6.02","108.8",""
"0","Blue (Da Ba Dee)","-9.515","113.913",""
"0","Desire","-8.272","80",""
"0","Without You","-4.832","134.009",""
"0","Espaldas mojadas","-6.101","121.369",""
"0","Loco Mía","-11.848","140.376",""
"0","Sacrifice","-13.036","112.751",""
"0","Humpin' Around","-7.152","110.214",""
"0","¿Quién puso más?","-5.478","113.389",""
"0","Ballroom Blitz","-5.602","108.524",""
"0","The Lady in Red","-17.112","76.698",""
"0","Me haces tanto bien","-10.329","98.998",""
"0","Sólo se vive una vez","-5.488","102",""
"0","Loco Vox","-9.711","119.67",""
"0","Y te vas","-4.809","99.998",""
"0","Cómo pudiste hacerme esto a mí","-3.009","140.264",""
"0","Tu frialdad","-9.414","140.309",""
"0","Don't Stand So Close to Me 86","-9.414","140.309",""
"0","Bailad","-12.996","124.65",""
"0","Él no te da","-4.409","105.039",""
"0","Dalai Lama","-7.792","119.956",""
"1","Thriller","-3.051","117.046",""
"0","Uptown Funk","-7.223","114.988",""
"0","Uptown Funk","-7.223","114.988",""
"0","Love is Strong","-15.397","90.021",""
"0","Vino tinto","-3.215","92.478",""
"0","Dame tu amistad","-10.893","90.029",""
"0","Brilliant Disguise","-12.438","126.353",""
"0","Sola (con un desconocido)","-8.793","112.208",""
"0","Domino Dancing","-9.781","109.988",""
"0","Escuela de Calor","-10.086","121.998",""
"0","De ley","-10.086","121.998",""
"0","Nutbush City Limits","-5.846","76.523",""
"0","Wild, Wild Life","-3.352","115.036",""
"0","Johnny and Mary","-12.841","152.876",""
"0","My Turn to Love You","-12.841","152.876",""
"0","Bonito es","-3.551","122.116",""
"0","Papa Don't Preach","-8.973","121.54",""
"0","Don't Worry","-3.586","127.06",""
"0","Ain't it Fun","-3.681","104.031",""
"0","Naturaleza muerta","-8.129","134.99",""
"0","No sé qué me das","-8.129","134.99",""